-- --------------------------------------------------------
-- Host:                         quc550.qualidad.info
-- Versión del servidor:         5.1.73 - Source distribution
-- SO del servidor:              redhat-linux-gnu
-- HeidiSQL Versión:             9.3.0.5078
-- --------------------------------------------------------

/*!40101 SET @OLD_CHARACTER_SET_CLIENT=@@CHARACTER_SET_CLIENT */;
/*!40101 SET NAMES utf8 */;
/*!40014 SET @OLD_FOREIGN_KEY_CHECKS=@@FOREIGN_KEY_CHECKS, FOREIGN_KEY_CHECKS=0 */;
/*!40101 SET @OLD_SQL_MODE=@@SQL_MODE, SQL_MODE='NO_AUTO_VALUE_ON_ZERO' */;

-- Volcando estructura para tabla quc550.tbacumulados
DROP TABLE IF EXISTS `tbacumulados`;
CREATE TABLE IF NOT EXISTS `tbacumulados` (
  `IdMovimiento` int(11) NOT NULL AUTO_INCREMENT,
  `IdEmpresa` int(11) DEFAULT '0',
  `Ejercicio` int(11) DEFAULT '0',
  `Periodo` int(11) DEFAULT '0',
  `Cuenta` int(11) DEFAULT '0',
  `Grupo` varchar(50) DEFAULT '0',
  `SubGrupo2` varchar(50) DEFAULT '0',
  `SubGrupo4` varchar(50) DEFAULT '0',
  `Debe` double DEFAULT '0',
  `Haber` double DEFAULT '0',
  `fecha` datetime DEFAULT NULL,
  PRIMARY KEY (`IdMovimiento`),
  KEY `Cuenta` (`Cuenta`),
  KEY `idEmpresa` (`IdEmpresa`),
  KEY `IdMovimiento` (`IdMovimiento`),
  KEY `Ejercicio` (`IdMovimiento`),
  KEY `Periodo` (`IdMovimiento`)
) ENGINE=InnoDB DEFAULT CHARSET=utf8;

-- Volcando datos para la tabla quc550.tbacumulados: ~0 rows (aproximadamente)
DELETE FROM `tbacumulados`;
/*!40000 ALTER TABLE `tbacumulados` DISABLE KEYS */;
/*!40000 ALTER TABLE `tbacumulados` ENABLE KEYS */;

-- Volcando estructura para tabla quc550.tbarticulos
DROP TABLE IF EXISTS `tbarticulos`;
CREATE TABLE IF NOT EXISTS `tbarticulos` (
  `Id` int(11) NOT NULL AUTO_INCREMENT,
  `Referencia` varchar(25) NOT NULL,
  `Descripcion` varchar(255) NOT NULL,
  `Precio` double NOT NULL,
  `tipoIVA` int(5) NOT NULL,
  `CantidadAlmacen` int(10) NOT NULL,
  `CuentaContable` varchar(15) NOT NULL,
  `IdGrupo` int(11) NOT NULL,
  `Borrado` int(11) NOT NULL COMMENT '1=Datos Vale, 0=Esta Borrado',
  `datFechaStatus` datetime NOT NULL,
  `lngIdEmpleadoStatus` int(11) NOT NULL,
  PRIMARY KEY (`Id`),
  UNIQUE KEY `referencia_borrado` (`Referencia`,`Borrado`)
) ENGINE=InnoDB AUTO_INCREMENT=13 DEFAULT CHARSET=utf8;

-- Volcando datos para la tabla quc550.tbarticulos: ~12 rows (aproximadamente)
DELETE FROM `tbarticulos`;
/*!40000 ALTER TABLE `tbarticulos` DISABLE KEYS */;
INSERT INTO `tbarticulos` (`Id`, `Referencia`, `Descripcion`, `Precio`, `tipoIVA`, `CantidadAlmacen`, `CuentaContable`, `IdGrupo`, `Borrado`, `datFechaStatus`, `lngIdEmpleadoStatus`) VALUES
	(1, 'R0001', 'Articulo Prueba 1', 252.14, 21, 0, '700000000', 1, 1, '2015-09-29 09:34:05', 202),
	(2, 'R0002', 'Articulo Prueba 2', 100.07, 10, 0, '747000000', 1, 1, '2015-09-29 09:35:01', 202),
	(3, '0001', 'Curso de monitor de comedor escolar impartido el 21 de abril ', 60, 21, 10000, '700000000', 2, 1, '2015-10-06 16:24:01', 202),
	(4, 'C0001', 'Ventana lacada blanco 90x90', 250, 21, 0, '700000000', 4, 1, '2016-05-19 12:58:52', 202),
	(5, 'C0002', 'Ventana de apertura practicable o abatible', 332.79, 10, 0, '700000000', 4, 1, '2016-05-19 13:01:37', 202),
	(6, 'C0003', 'Ventana Fija', 404, 4, 0, '700000000', 4, 1, '2016-05-19 13:02:12', 202),
	(7, 'C0004', 'Ventanas Batientes', 365.88, 21, 50, '778000000', 4, 1, '2016-05-19 13:03:25', 202),
	(8, 'C0005', 'Ventanas Oscilobatientes', 506.47, 0, 0, '700000000', 4, 1, '2016-05-19 13:04:21', 202),
	(9, 'C0006', 'Ventanas Correderas', 253.18, 21, 0, '708000000', 4, 1, '2016-05-19 13:05:09', 202),
	(10, 'C0007', 'Ventanas Osciloparalelas', 423.57, 21, 100, '747000000', 4, 1, '2016-05-19 13:05:54', 202),
	(11, 'C0008', 'Ventanas Pivotantes', 635.79, 21, 0, '752000000', 4, 1, '2016-05-19 13:06:55', 202),
	(12, 'C0009', 'Ventanas Combinadas', 753.44, 10, 0, '712000000', 4, 1, '2016-05-19 13:07:59', 202);
/*!40000 ALTER TABLE `tbarticulos` ENABLE KEYS */;

-- Volcando estructura para tabla quc550.tbautonomo130
DROP TABLE IF EXISTS `tbautonomo130`;
CREATE TABLE IF NOT EXISTS `tbautonomo130` (
  `IdAut130` int(11) NOT NULL AUTO_INCREMENT,
  `Ejercicio` int(11) DEFAULT NULL,
  `Trimestre` int(11) DEFAULT NULL,
  `Ingresos` double DEFAULT NULL,
  `Gastos` double DEFAULT NULL,
  `Resultado` double DEFAULT NULL,
  `Cuota` double DEFAULT NULL,
  `CuotaAnterior` double DEFAULT NULL,
  `Liquidacion` double DEFAULT NULL,
  PRIMARY KEY (`IdAut130`)
) ENGINE=InnoDB AUTO_INCREMENT=2 DEFAULT CHARSET=utf8;

-- Volcando datos para la tabla quc550.tbautonomo130: ~1 rows (aproximadamente)
DELETE FROM `tbautonomo130`;
/*!40000 ALTER TABLE `tbautonomo130` DISABLE KEYS */;
INSERT INTO `tbautonomo130` (`IdAut130`, `Ejercicio`, `Trimestre`, `Ingresos`, `Gastos`, `Resultado`, `Cuota`, `CuotaAnterior`, `Liquidacion`) VALUES
	(1, 2014, 4, 0, 0, 0, 0, 0, 0);
/*!40000 ALTER TABLE `tbautonomo130` ENABLE KEYS */;

-- Volcando estructura para tabla quc550.tbcuenta
DROP TABLE IF EXISTS `tbcuenta`;
CREATE TABLE IF NOT EXISTS `tbcuenta` (
  `IdCuenta` int(11) NOT NULL DEFAULT '0',
  `NumCuenta` varchar(50) DEFAULT NULL,
  `Grupo` int(11) DEFAULT NULL,
  `SubGrupo2` int(11) DEFAULT NULL,
  `SubGrupo4` int(11) DEFAULT '0',
  `Nombre` varchar(50) DEFAULT NULL,
  `Borrado` int(11) DEFAULT '0' COMMENT '0=Cuenta valida, 1=Cuenta no valida (borrada)',
  `Sinonimos` varchar(200) DEFAULT NULL,
  PRIMARY KEY (`IdCuenta`),
  KEY `Grupo` (`Grupo`),
  KEY `IdCuenta` (`IdCuenta`),
  KEY `NumCuenta` (`NumCuenta`),
  KEY `Nombre` (`Nombre`)
) ENGINE=InnoDB DEFAULT CHARSET=utf8;

-- Volcando datos para la tabla quc550.tbcuenta: ~177 rows (aproximadamente)
DELETE FROM `tbcuenta`;
/*!40000 ALTER TABLE `tbcuenta` DISABLE KEYS */;
INSERT INTO `tbcuenta` (`IdCuenta`, `NumCuenta`, `Grupo`, `SubGrupo2`, `SubGrupo4`, `Nombre`, `Borrado`, `Sinonimos`) VALUES
	(1, '477000000', 4, 47, 4770, 'I.V.A. Repercutido', 0, NULL),
	(2, '472000000', 4, 47, 4720, 'IVA soportado', 0, NULL),
	(3, '100000000', 1, 10, 1000, 'Capital Social', 0, NULL),
	(4, '103000000', 1, 10, 1030, 'Accionistas desembolsos no exigidos', 0, NULL),
	(5, '112000000', 1, 11, 1120, 'Reserva legal', 0, NULL),
	(6, '113000000', 1, 11, 1130, 'Reservas voluntarias', 0, NULL),
	(7, '113400000', 1, 11, 1134, 'Gastos de constitución', 0, NULL),
	(8, '113500000', 1, 11, 1135, 'Gastos de primer establecimiento', 0, NULL),
	(9, '113600000', 1, 11, 1136, 'Gastos de ampliación de capital', 0, NULL),
	(10, '114000000', 1, 11, 1140, 'Reservas especiales', 0, NULL),
	(11, '118000000', 1, 11, 1180, 'Aportacion.socios compen.pérdidas ', 0, NULL),
	(12, '120000000', 1, 12, 1200, 'Remanente', 0, NULL),
	(13, '121000000', 1, 12, 1210, 'Resultados negativos de ejer.anter.', 0, NULL),
	(14, '129000000', 1, 12, 1290, 'Pérdidas y ganancias', 0, NULL),
	(15, '131000000', 1, 13, 1310, 'Subvenciones de capital', 0, NULL),
	(16, '140000000', 1, 14, 1400, 'Provisión para pensiones', 0, NULL),
	(17, '141000000', 1, 14, 1410, 'Provisión para impuestos', 0, NULL),
	(18, '142000000', 1, 14, 1420, 'Provisión para responsabilidades', 0, NULL),
	(19, '146000000', 1, 14, 1460, 'Provisión para grandes reparaciones', 0, NULL),
	(20, '160300000', 1, 16, 1603, 'Deudas l.p. entidades crédito grupo', 0, NULL),
	(21, '171000000', 1, 17, 1710, 'Deudas a largo plazo', 0, NULL),
	(22, '180000000', 1, 18, 1800, 'Fianzas recibidas a largo plazo', 0, NULL),
	(23, '205000000', 2, 20, 2050, 'Derechos de traspaso', 0, NULL),
	(24, '206000000', 2, 20, 2060, 'Aplicaciones informáticas', 0, NULL),
	(25, '210000000', 2, 21, 2100, 'Terrenos y bienes naturales', 0, NULL),
	(26, '211000000', 2, 21, 2110, 'Construcciones', 0, NULL),
	(27, '212000000', 2, 21, 2120, 'Instalaciones técnicas', 0, NULL),
	(28, '213000000', 2, 21, 2130, 'Maquinaria', 0, NULL),
	(29, '214000000', 2, 21, 2140, 'Utillaje', 0, NULL),
	(30, '215000000', 2, 21, 2150, 'Otras instalaciones', 0, NULL),
	(31, '216000000', 2, 21, 2160, 'Mobiliario', 0, NULL),
	(32, '216100000', 2, 21, 2161, 'Máquinas de Oficina', 0, NULL),
	(33, '217000000', 2, 21, 2170, 'Equipos para proces.información', 0, NULL),
	(34, '218000000', 2, 21, 2180, 'Elementos de transporte', 0, NULL),
	(35, '219000000', 2, 21, 2190, 'Otro inmovilizado material', 0, NULL),
	(36, '252000000', 2, 25, 2520, 'Créditos a largo plazo', 0, NULL),
	(37, '260000000', 2, 26, 2600, 'Fianzas constituidas a largo plazo', 0, NULL),
	(38, '280500000', 2, 28, 2805, 'Amort.acumul.derechos', 0, NULL),
	(39, '280600000', 2, 28, 2806, 'Amort.acumul.aplicaciones inform.', 0, NULL),
	(40, '281100000', 2, 28, 2811, 'Amort.acumul.de construcciones', 0, NULL),
	(41, '281200000', 2, 28, 2812, 'Amort.acumul. instal.técnicas', 0, NULL),
	(42, '281300000', 2, 28, 2813, 'Amort.acumul. de maquinaria', 0, NULL),
	(43, '281400000', 2, 28, 2814, 'Amort.acumul. de utillaje', 0, NULL),
	(44, '281500000', 2, 28, 2815, 'Amort. acumul. otras instalaciones', 0, NULL),
	(45, '281600000', 2, 28, 2816, 'Amort. acumul.de mobiliario', 0, NULL),
	(46, '281600001', 2, 28, 2816, 'Amort.Acum.maquinas oficina', 0, NULL),
	(47, '281700000', 2, 28, 2817, 'Amort.acumul.equip.proces.inform.', 0, NULL),
	(48, '281800000', 2, 28, 2818, 'Amort.acumul.element.transporte', 0, NULL),
	(49, '281900000', 2, 28, 2819, 'Amort.acumul.otro inmov.mater.', 0, NULL),
	(50, '290000000', 2, 29, 2900, 'Provisión deprec.inmov.inmat.', 0, NULL),
	(51, '291000000', 2, 29, 2910, 'Provisión deprec.inmov.mater.', 0, NULL),
	(52, '298000000', 2, 29, 2980, 'Prov.insolv.créditos a l.p.', 0, NULL),
	(53, '300000000', 3, 30, 3000, 'Mercaderías ', 0, NULL),
	(54, '310000000', 3, 31, 3100, 'Materias primas ', 0, NULL),
	(55, '321000000', 3, 32, 3210, 'Combustibles', 0, NULL),
	(56, '322000000', 3, 32, 3220, 'Repuestos', 0, NULL),
	(57, '325000000', 3, 32, 3250, 'Materiales diversos', 0, NULL),
	(58, '326000000', 3, 32, 3260, 'Embalajes', 0, NULL),
	(59, '327000000', 3, 32, 3270, 'Envases', 0, NULL),
	(60, '350000000', 3, 35, 3500, 'Productos terminados', 0, NULL),
	(61, '365000000', 3, 36, 3650, 'Residuos', 0, NULL),
	(62, '390000000', 3, 39, 3900, 'Provisión depreciación mercaderías', 0, NULL),
	(63, '391000000', 3, 39, 3910, 'Provisión deprec.materias primas', 0, NULL),
	(64, '392000000', 3, 39, 3920, 'Provisión deprec.otros aprovis.', 0, NULL),
	(65, '400000000', 4, 40, 4000, 'Proveedor ', 0, NULL),
	(66, '400900000', 4, 40, 4009, 'Proveedor, fras.pend.recibir ', 0, NULL),
	(67, '401000000', 4, 40, 4010, 'Proveedor, efectos comer.a pagar', 0, NULL),
	(68, '407000000', 4, 40, 4070, 'Anticipos a proveedores', 0, NULL),
	(69, '410000000', 4, 41, 4100, 'Acreedores ', 0, NULL),
	(70, '430000000', 4, 43, 4300, 'Clientes ', 0, NULL),
	(71, '431000000', 4, 43, 4310, 'Efectos comerciales en cartera', 0, NULL),
	(72, '431500000', 4, 43, 4315, 'Efectos comerciales impagados', 0, NULL),
	(73, '436000000', 4, 43, 4360, 'Clientes de dudoso cobro', 0, NULL),
	(74, '438000000', 4, 43, 4380, 'Anticipos de clientes', 0, NULL),
	(75, '440000000', 4, 44, 4400, 'Deudores ', 0, NULL),
	(76, '460000000', 4, 46, 4600, 'Anticipos de remuneración', 0, NULL),
	(77, '465000000', 4, 46, 4650, 'Remuneraciones pendientes de pago ', 0, NULL),
	(78, '470000000', 4, 47, 4700, 'Hac.Pública, deudor por IVA', 0, 'I.V.A.'),
	(79, '470700000', 4, 47, 4707, 'Hac.Pública, deudor por IGIC', 0, NULL),
	(80, '470800000', 4, 47, 4708, 'Hac.Pública,deudor por subv.conced.', 0, NULL),
	(81, '470900000', 4, 47, 4709, 'Hac.Pública,deudor por devol.imp.', 0, NULL),
	(82, '471000000', 4, 47, 4710, 'Organismo Seguridad Social,deudores', 0, NULL),
	(83, '472700000', 4, 47, 4727, 'IGIC soportado', 0, NULL),
	(84, '473000000', 4, 47, 4730, 'Hac.Pública,retenc.y pagos a cta.', 0, NULL),
	(85, '474000000', 4, 47, 4740, 'Impuesto s/beneficios anticipados', 0, NULL),
	(86, '474500000', 4, 47, 4745, 'Crédito por perd.a comp.ejer.', 0, NULL),
	(87, '475000000', 4, 47, 4750, 'Hacienda Pública, acreedor por IVA', 0, NULL),
	(88, '475100000', 4, 47, 4751, 'H. Pública Retención', 0, 'irpf,I.R.P.F.'),
	(89, '475200000', 4, 47, 4752, 'Hac.Pública,acreedor imp.s/socied.', 0, NULL),
	(90, '475700000', 4, 47, 4757, 'Hac.Pública ,acreedor por IGIC', 0, NULL),
	(91, '475800000', 4, 47, 4758, 'Hac.Pública, acreedor subv.a reint.', 0, NULL),
	(92, '476000000', 4, 47, 4760, 'Organismos  Seg.Social, acreedor', 0, NULL),
	(93, '477700000', 4, 47, 4777, 'IGIC repercutido', 0, NULL),
	(94, '480000000', 4, 48, 4800, 'Gastos anticipados', 0, NULL),
	(95, '485000000', 4, 48, 4850, 'Ingresos anticipados', 0, NULL),
	(96, '490000000', 4, 49, 4900, 'Provisión insolvencias de tráfico', 0, NULL),
	(97, '520100000', 5, 52, 5201, 'Deudas c.p. por crédito dispuesto', 0, NULL),
	(98, '520200000', 5, 52, 5202, 'Tarjetas de Crédito Corporativas', 0, NULL),
	(99, '521000000', 5, 52, 5210, 'Deudas a corto plazo', 0, NULL),
	(100, '525000000', 5, 52, 5250, 'Efectos a pagar a corto plazo', 0, NULL),
	(101, '540900000', 5, 54, 5409, 'Otras invers.finac.temp.en capital', 0, NULL),
	(102, '542000000', 5, 54, 5420, 'Créditos a corto plazo', 0, NULL),
	(103, '550000000', 5, 55, 5500, 'Titular de la explotación', 0, NULL),
	(104, '551000000', 5, 55, 5510, 'Cuentas corrientes con soc.y admin.', 0, NULL),
	(105, '555000000', 5, 55, 5550, 'Partidas pendientes de aplicación', 0, NULL),
	(106, '561000000', 5, 56, 5610, 'Depósitos recibidos a corto plazo', 0, NULL),
	(107, '570000000', 5, 57, 5700, 'Caja Euros', 0, NULL),
	(108, '572000000', 5, 57, 5720, 'Bancos', 0, NULL),
	(109, '600000000', 6, 60, 6000, 'Compras ', 0, NULL),
	(110, '608000000', 6, 60, 6080, 'Devolución compras de mercaderías', 0, NULL),
	(111, '608100000', 6, 60, 6081, 'Devolución compras materias primas', 0, NULL),
	(112, '608200000', 6, 60, 6082, 'Devolución compras otros aprovis.', 0, NULL),
	(113, '609000000', 6, 60, 6090, '"Rappels" por compras mercaderías', 0, NULL),
	(114, '610000000', 6, 61, 6100, 'Variación existencias mercaderías', 0, NULL),
	(115, '621000000', 6, 62, 6210, 'Arrendamientos locales', 0, NULL),
	(116, '622000000', 6, 62, 6220, 'Reparaciones y conservación', 0, NULL),
	(117, '623000000', 6, 62, 6230, 'Asesorías', 0, NULL),
	(118, '623100000', 6, 62, 6231, 'Juridicos y Notariales', 0, NULL),
	(119, '623500000', 6, 62, 6235, 'Asociaciones', 0, NULL),
	(120, '624000000', 6, 62, 6240, 'Transportes', 0, NULL),
	(121, '624100000', 6, 62, 6241, 'Locomoción', 0, NULL),
	(122, '625000000', 6, 62, 6250, 'Primas de seguros', 0, NULL),
	(123, '626000000', 6, 62, 6260, 'Gastos cuentas corrientes', 0, NULL),
	(124, '627000000', 6, 62, 6270, 'Relaciones Públicas y Gestión', 0, NULL),
	(125, '627100000', 6, 62, 6271, 'Publicidad y Propaganda', 0, NULL),
	(126, '627200000', 6, 62, 6272, 'Suscripciones', 0, NULL),
	(127, '628000000', 6, 62, 6280, 'Electricidad', 0, 'luz,energía'),
	(128, '628200000', 6, 62, 6282, 'Gas', 0, 'energía'),
	(129, '628600000', 6, 62, 6286, 'Agua', 0, NULL),
	(130, '628800000', 6, 62, 6288, 'Material de Oficina', 0, 'muebles'),
	(131, '629100000', 6, 62, 6291, 'Teléfonos', 0, 'telefonía, movil'),
	(132, '629200000', 6, 62, 6292, 'Gastos de viaje', 0, NULL),
	(133, '629300000', 6, 62, 6293, 'Correos', 0, NULL),
	(134, '629800000', 6, 62, 6298, 'Otros gastos', 0, NULL),
	(135, '630000000', 6, 63, 6300, 'Impuesto sobre beneficios', 0, NULL),
	(136, '631000000', 6, 63, 6310, 'Otros tributos', 0, NULL),
	(137, '640000000', 6, 64, 6400, 'Sueldos y salarios', 0, 'nóminas'),
	(138, '640100000', 6, 64, 6401, 'Retribución Administradores', 0, NULL),
	(139, '640300000', 6, 64, 6403, 'Dietas', 0, NULL),
	(140, '641000000', 6, 64, 6410, 'Indemnizaciones', 0, NULL),
	(141, '642000000', 6, 64, 6420, 'Seg.Social a cargo de la empresa', 0, NULL),
	(142, '649100000', 6, 64, 6491, 'Otros gastos sociales', 0, NULL),
	(143, '650000000', 6, 65, 6500, 'Pérdidas de créditos comerc.incobr.', 0, NULL),
	(144, '669000000', 6, 66, 6690, 'Otros gastos financieros', 0, NULL),
	(145, '670000000', 6, 67, 6700, 'Pérdidas proced.inmov.inmat.', 0, NULL),
	(146, '671000000', 6, 67, 6710, 'Pérdidas proced.inmov.mater.', 0, NULL),
	(147, '678000000', 6, 67, 6780, 'Gastos extraordinarios', 0, NULL),
	(148, '680000000', 6, 68, 6800, 'Amortización del inmovil.inmater.', 0, NULL),
	(149, '680500000', 6, 68, 6805, 'Amortizac. Aplicaciones Informát.', 0, NULL),
	(150, '681000000', 6, 68, 6810, 'Amortización del inmovil.material', 0, NULL),
	(151, '681100000', 6, 68, 6811, 'Amortizac. Construcciones', 0, NULL),
	(152, '681400000', 6, 68, 6814, 'Amortizac. Utillaje', 0, NULL),
	(153, '681500000', 6, 68, 6815, 'Amortizac. Instalaciones', 0, NULL),
	(154, '681600000', 6, 68, 6816, 'Amortizac. Mobiliario', 0, NULL),
	(155, '681600001', 6, 68, 6816, 'Amortizac. Máquinas Oficina', 0, NULL),
	(156, '681700000', 6, 68, 6817, 'Amortizac. Equipo proceso Inform.', 0, NULL),
	(157, '681800000', 6, 68, 6818, 'Amortizac. Elementos Transporte', 0, NULL),
	(158, '681900000', 6, 68, 6819, 'Amortizac. Otro Inmovil. Material', 0, NULL),
	(159, '700000000', 7, 70, 7000, 'Ventas ', 0, NULL),
	(160, '708000000', 7, 70, 7080, 'Devolución ventas mercaderías', 0, NULL),
	(161, '712000000', 7, 71, 7120, 'Variación exist.prod. terminados', 0, NULL),
	(162, '747000000', 7, 74, 7470, 'Otras subvenciones a la explotación', 0, NULL),
	(163, '752000000', 7, 75, 7520, 'Ingresos por arrendamientos', 0, NULL),
	(164, '769000000', 7, 76, 7690, 'Otros ingresos financieros', 0, NULL),
	(165, '778000000', 7, 77, 7780, 'Ingresos extraordinarios', 0, NULL),
	(166, '430000001', 4, 43, 4300, 'Clientes Varios', 0, NULL),
	(167, '400000001', 4, 40, 4000, 'Proveedor Prueba', 0, NULL),
	(168, '430002015', 4, 43, 4300, 'Fernando Romay Lopez', 0, NULL),
	(169, '430002016', 4, 43, 4300, 'Contacto', 0, NULL),
	(170, '430070000', 4, 43, 4300, 'Amisaday  Rodríguez García', 0, NULL),
	(171, '626200000', 6, 62, 6262, 'Gastos tarjetas de crédito', 0, NULL),
	(172, '430000002', 4, 43, 4300, 'AirFlus', 0, NULL),
	(173, '430000003', 4, 43, 4300, 'Panadería Aguirre', 0, NULL),
	(174, '430000004', 4, 43, 4300, 'Norton Tintorerias', 0, NULL),
	(175, '430000005', 4, 43, 4300, 'Informática El chip prodigioso', 0, NULL),
	(176, '400000002', 4, 40, 4000, 'Talleres Rodriguez', 0, NULL),
	(177, '410000001', 4, 41, 4100, 'Salmón Ingeniería', 0, NULL);
/*!40000 ALTER TABLE `tbcuenta` ENABLE KEYS */;

-- Volcando estructura para tabla quc550.tbempleados
DROP TABLE IF EXISTS `tbempleados`;
CREATE TABLE IF NOT EXISTS `tbempleados` (
  `IdEmpleado` int(11) NOT NULL,
  `NumEmpleado` varchar(10) NOT NULL,
  `nombre` varchar(50) DEFAULT NULL COMMENT 'DNI NIE',
  `apellido1` varchar(50) DEFAULT NULL COMMENT 'Numero de la seguridad Social',
  `apellido2` varchar(50) DEFAULT NULL,
  `tipoDocumento` varchar(15) DEFAULT NULL COMMENT '(DNI,NIE,Pasaporte)',
  `numDocumento` varchar(40) DEFAULT NULL COMMENT 'Indefinido, temporal, otros',
  `numAfiliacion` varchar(30) DEFAULT NULL,
  `calle` varchar(70) DEFAULT NULL COMMENT 'xx horas semanales',
  `numero` varchar(10) DEFAULT NULL,
  `piso` varchar(10) DEFAULT NULL,
  `letra` varchar(5) DEFAULT NULL,
  `codPostal` varchar(5) DEFAULT NULL,
  `poblacion` varchar(70) DEFAULT NULL,
  `provincia` varchar(25) DEFAULT NULL,
  `fechaAlta` datetime DEFAULT NULL,
  `fechaBaja` datetime DEFAULT NULL,
  `fechaVtoContrato` datetime DEFAULT NULL,
  `Categoria` varchar(50) DEFAULT NULL,
  `tipoContrato` varchar(50) DEFAULT NULL COMMENT '(Indefinido, Temporal, Prácticas, Formación)',
  `tipoJornada` varchar(50) DEFAULT NULL COMMENT '(Completa, Parcial)',
  `Horas` varchar(10) DEFAULT NULL COMMENT 'Ej 20 s = 20 horas semanales, 4 d = 4 horas diarias',
  `SituacionFamiliar` varchar(25) DEFAULT NULL COMMENT '(Soltero, Casado, Separado/Divorciado)',
  `Hijos` int(1) DEFAULT NULL COMMENT '0=No tiene, 1= Si tiene',
  `Observaciones` int(10) DEFAULT NULL COMMENT 'Numero de pregunta que se guarda en el chat (tabla tbconsulta_pregunta.lngIdPregunta)',
  `chatActualizado` int(3) DEFAULT NULL COMMENT '0 = Tarea sin hacer por el asesor, 1 = Tarea ya hecha por el asesor',
  `Borrado` int(11) NOT NULL COMMENT '1=Datos Vale, 0=Esta Borrado',
  `datFechaStatus` datetime NOT NULL,
  `lngIdEmpleadoStatus` int(11) NOT NULL,
  PRIMARY KEY (`IdEmpleado`)
) ENGINE=InnoDB DEFAULT CHARSET=utf8;

-- Volcando datos para la tabla quc550.tbempleados: ~0 rows (aproximadamente)
DELETE FROM `tbempleados`;
/*!40000 ALTER TABLE `tbempleados` DISABLE KEYS */;
/*!40000 ALTER TABLE `tbempleados` ENABLE KEYS */;

-- Volcando estructura para tabla quc550.tbempleados_hijos
DROP TABLE IF EXISTS `tbempleados_hijos`;
CREATE TABLE IF NOT EXISTS `tbempleados_hijos` (
  `IdHijos` int(10) NOT NULL,
  `IdEmpleado` int(11) NOT NULL,
  `fechaNacimiento` varchar(6) NOT NULL,
  `Borrado` int(11) NOT NULL COMMENT '1=Datos Vale, 0=Esta Borrado',
  `datFechaStatus` datetime NOT NULL,
  `lngIdEmpleadoStatus` int(11) NOT NULL,
  PRIMARY KEY (`IdHijos`)
) ENGINE=InnoDB DEFAULT CHARSET=utf8;

-- Volcando datos para la tabla quc550.tbempleados_hijos: ~0 rows (aproximadamente)
DELETE FROM `tbempleados_hijos`;
/*!40000 ALTER TABLE `tbempleados_hijos` DISABLE KEYS */;
/*!40000 ALTER TABLE `tbempleados_hijos` ENABLE KEYS */;

-- Volcando estructura para tabla quc550.tbempleados_incidencias
DROP TABLE IF EXISTS `tbempleados_incidencias`;
CREATE TABLE IF NOT EXISTS `tbempleados_incidencias` (
  `IdIncidencia` int(11) NOT NULL DEFAULT '0',
  `fechaInicio` datetime DEFAULT NULL,
  `fechaFin` datetime DEFAULT NULL,
  `tipo` varchar(50) DEFAULT NULL,
  `observaciones` longtext,
  `cerrada` int(3) DEFAULT NULL COMMENT '0=Incidencia Abierta, 1=Incidencia Cerrada',
  `Borrado` int(11) NOT NULL COMMENT '1=Valido, 0=Borrado',
  `datFechaStatus` datetime NOT NULL,
  `lngIdEmpleadoStatus` int(11) NOT NULL,
  PRIMARY KEY (`IdIncidencia`)
) ENGINE=InnoDB DEFAULT CHARSET=utf8;

-- Volcando datos para la tabla quc550.tbempleados_incidencias: ~0 rows (aproximadamente)
DELETE FROM `tbempleados_incidencias`;
/*!40000 ALTER TABLE `tbempleados_incidencias` DISABLE KEYS */;
/*!40000 ALTER TABLE `tbempleados_incidencias` ENABLE KEYS */;

-- Volcando estructura para tabla quc550.tbempleados_incidencias_adj
DROP TABLE IF EXISTS `tbempleados_incidencias_adj`;
CREATE TABLE IF NOT EXISTS `tbempleados_incidencias_adj` (
  `IdAdjunto` int(11) NOT NULL,
  `IdIncidencia` int(11) NOT NULL,
  `fichero` varchar(40) NOT NULL,
  `descripcion` varchar(30) NOT NULL,
  `Borrado` int(11) NOT NULL COMMENT '1=el dato vale, 0=Borrado',
  `fecha` datetime NOT NULL,
  PRIMARY KEY (`IdAdjunto`)
) ENGINE=InnoDB DEFAULT CHARSET=utf8;

-- Volcando datos para la tabla quc550.tbempleados_incidencias_adj: ~0 rows (aproximadamente)
DELETE FROM `tbempleados_incidencias_adj`;
/*!40000 ALTER TABLE `tbempleados_incidencias_adj` DISABLE KEYS */;
/*!40000 ALTER TABLE `tbempleados_incidencias_adj` ENABLE KEYS */;

-- Volcando estructura para tabla quc550.tbempleados_incidencias_listado
DROP TABLE IF EXISTS `tbempleados_incidencias_listado`;
CREATE TABLE IF NOT EXISTS `tbempleados_incidencias_listado` (
  `Id` int(11) NOT NULL,
  `IdIncidencia` int(11) DEFAULT NULL,
  `IdEmpleado` int(11) DEFAULT NULL,
  PRIMARY KEY (`Id`)
) ENGINE=InnoDB DEFAULT CHARSET=utf8;

-- Volcando datos para la tabla quc550.tbempleados_incidencias_listado: ~0 rows (aproximadamente)
DELETE FROM `tbempleados_incidencias_listado`;
/*!40000 ALTER TABLE `tbempleados_incidencias_listado` DISABLE KEYS */;
/*!40000 ALTER TABLE `tbempleados_incidencias_listado` ENABLE KEYS */;

-- Volcando estructura para tabla quc550.tbgrupoarticulos
DROP TABLE IF EXISTS `tbgrupoarticulos`;
CREATE TABLE IF NOT EXISTS `tbgrupoarticulos` (
  `IdGrupo` int(11) NOT NULL AUTO_INCREMENT,
  `Grupo` varchar(100) NOT NULL,
  `Identificador` varchar(5) NOT NULL,
  `Cuenta` varchar(15) NOT NULL,
  `Borrado` int(11) NOT NULL COMMENT '1=Datos Vale, 0=Esta Borrado',
  `datFechaStatus` datetime NOT NULL,
  `lngIdEmpleadoStatus` int(11) NOT NULL,
  PRIMARY KEY (`IdGrupo`)
) ENGINE=InnoDB AUTO_INCREMENT=5 DEFAULT CHARSET=utf8;

-- Volcando datos para la tabla quc550.tbgrupoarticulos: ~4 rows (aproximadamente)
DELETE FROM `tbgrupoarticulos`;
/*!40000 ALTER TABLE `tbgrupoarticulos` DISABLE KEYS */;
INSERT INTO `tbgrupoarticulos` (`IdGrupo`, `Grupo`, `Identificador`, `Cuenta`, `Borrado`, `datFechaStatus`, `lngIdEmpleadoStatus`) VALUES
	(1, 'SIN GRUPO', '', '', 1, '2015-04-29 00:00:00', 0),
	(2, 'Servicios a la comunidad', '0001', '700000000', 1, '2015-10-06 16:22:52', 202),
	(3, 'Curso de fitosanitarios', '0002', '700000000', 1, '2015-10-06 16:22:03', 202),
	(4, 'Carpintería de Aluminio', '0003', '700000000', 1, '2016-05-19 12:58:01', 202);
/*!40000 ALTER TABLE `tbgrupoarticulos` ENABLE KEYS */;

-- Volcando estructura para tabla quc550.tbirpf
DROP TABLE IF EXISTS `tbirpf`;
CREATE TABLE IF NOT EXISTS `tbirpf` (
  `IdIrpf` int(11) NOT NULL AUTO_INCREMENT,
  `Ejercicio` int(11) DEFAULT NULL,
  `Trimestre` int(11) DEFAULT NULL,
  `BaseImponibleA` double DEFAULT NULL,
  `RetencionA` double DEFAULT NULL,
  `BaseImponibleG` double DEFAULT NULL,
  `RetencionG` double DEFAULT NULL,
  PRIMARY KEY (`IdIrpf`)
) ENGINE=InnoDB AUTO_INCREMENT=2 DEFAULT CHARSET=utf8 COMMENT='En esta tabla se guardan todos los irpf presentados (cerrado';

-- Volcando datos para la tabla quc550.tbirpf: ~1 rows (aproximadamente)
DELETE FROM `tbirpf`;
/*!40000 ALTER TABLE `tbirpf` DISABLE KEYS */;
INSERT INTO `tbirpf` (`IdIrpf`, `Ejercicio`, `Trimestre`, `BaseImponibleA`, `RetencionA`, `BaseImponibleG`, `RetencionG`) VALUES
	(1, 2014, 4, 0, 0, 0, 0);
/*!40000 ALTER TABLE `tbirpf` ENABLE KEYS */;

-- Volcando estructura para tabla quc550.tbiva
DROP TABLE IF EXISTS `tbiva`;
CREATE TABLE IF NOT EXISTS `tbiva` (
  `IdIva` int(11) NOT NULL AUTO_INCREMENT,
  `Ejercicio` int(11) DEFAULT NULL,
  `Trimestre` int(11) DEFAULT NULL,
  `IVA_Repercutido` double DEFAULT NULL,
  `IVA_Soportado` double DEFAULT NULL,
  `A_Compensar` double DEFAULT NULL,
  PRIMARY KEY (`IdIva`)
) ENGINE=InnoDB AUTO_INCREMENT=2 DEFAULT CHARSET=utf8;

-- Volcando datos para la tabla quc550.tbiva: ~1 rows (aproximadamente)
DELETE FROM `tbiva`;
/*!40000 ALTER TABLE `tbiva` DISABLE KEYS */;
INSERT INTO `tbiva` (`IdIva`, `Ejercicio`, `Trimestre`, `IVA_Repercutido`, `IVA_Soportado`, `A_Compensar`) VALUES
	(1, 2014, 4, 0, 0, 0);
/*!40000 ALTER TABLE `tbiva` ENABLE KEYS */;

-- Volcando estructura para tabla quc550.tbmapas
DROP TABLE IF EXISTS `tbmapas`;
CREATE TABLE IF NOT EXISTS `tbmapas` (
  `IdDato` double NOT NULL,
  `GrupoDato` double DEFAULT NULL,
  `Mapa` varchar(255) DEFAULT NULL,
  `Nivel` double DEFAULT NULL,
  `OrdenCabecera` varchar(255) DEFAULT NULL,
  `Descripcion` varchar(255) DEFAULT NULL,
  `NivelLinea` double DEFAULT NULL,
  `Cuenta` varchar(255) DEFAULT NULL,
  `Tipo` varchar(255) DEFAULT NULL,
  `strAux` varchar(255) DEFAULT NULL,
  `strAux1` varchar(255) DEFAULT NULL,
  `lngAux` varchar(255) DEFAULT NULL,
  `lngAux2` varchar(255) DEFAULT NULL,
  PRIMARY KEY (`IdDato`)
) ENGINE=InnoDB DEFAULT CHARSET=utf8;

-- Volcando datos para la tabla quc550.tbmapas: ~427 rows (aproximadamente)
DELETE FROM `tbmapas`;
/*!40000 ALTER TABLE `tbmapas` DISABLE KEYS */;
INSERT INTO `tbmapas` (`IdDato`, `GrupoDato`, `Mapa`, `Nivel`, `OrdenCabecera`, `Descripcion`, `NivelLinea`, `Cuenta`, `Tipo`, `strAux`, `strAux1`, `lngAux`, `lngAux2`) VALUES
	(0, 1, 'PyG_', 1, 'Primer Nivel', 'Compras de Mercadería', 1, '600', 'ACTIVO', NULL, NULL, NULL, NULL),
	(1, 1, 'PyG', 1, 'Primer Nivel', 'PÉRDIDAS Y GANANCIAS', 0, NULL, 'PyG', NULL, NULL, NULL, NULL),
	(2, 1, 'PyG', 1, 'Primer Nivel', '1. Importe neto cifra de negocios', 0, '700', 'PyG', NULL, NULL, NULL, NULL),
	(3, 1, 'PyG', 1, 'Primer Nivel', '1. Importe neto cifra de negocios', 0, '701', 'PyG', NULL, NULL, NULL, NULL),
	(4, 1, 'PyG', 1, 'Primer Nivel', '1. Importe neto cifra de negocios', 0, '702', 'PyG', NULL, NULL, NULL, NULL),
	(5, 1, 'PyG', 1, 'Primer Nivel', '1. Importe neto cifra de negocios', 0, '703', 'PyG', NULL, NULL, NULL, NULL),
	(6, 1, 'PyG', 1, 'Primer Nivel', '1. Importe neto cifra de negocios', 0, '704', 'PyG', NULL, NULL, NULL, NULL),
	(7, 1, 'PyG', 1, 'Primer Nivel', '1. Importe neto cifra de negocios', 0, '705', 'PyG', NULL, NULL, NULL, NULL),
	(8, 1, 'PyG', 1, 'Primer Nivel', '1. Importe neto cifra de negocios', 0, '706', 'PyG', NULL, NULL, NULL, NULL),
	(9, 1, 'PyG', 1, 'Primer Nivel', '1. Importe neto cifra de negocios', 0, '708', 'PyG', NULL, NULL, NULL, NULL),
	(10, 1, 'PyG', 1, 'Primer Nivel', '1. Importe neto cifra de negocios', 0, '709', 'PyG', NULL, NULL, NULL, NULL),
	(11, 1, 'PyG', 1, 'Primer Nivel', '2. Variación exist. prod. term. y en curso', 0, '6930', 'PyG', NULL, NULL, NULL, NULL),
	(12, 1, 'PyG', 1, 'Primer Nivel', '2. Variación exist. prod. term. y en curso', 0, '71', 'PyG', NULL, NULL, NULL, NULL),
	(13, 1, 'PyG', 1, 'Primer Nivel', '2. Variación exist. prod. term. y en curso', 0, '7930', 'PyG', NULL, NULL, NULL, NULL),
	(14, 1, 'PyG', 1, 'Primer Nivel', '3. Trab.realizados por la emp. para su activo', 0, '73', 'PyG', NULL, NULL, NULL, NULL),
	(15, 1, 'PyG', 1, 'Primer Nivel', '4. Aprovisionamientos', 0, '600', 'PyG', NULL, NULL, NULL, NULL),
	(16, 1, 'PyG', 1, 'Primer Nivel', '4. Aprovisionamientos', 0, '601', 'PyG', NULL, NULL, NULL, NULL),
	(17, 1, 'PyG', 1, 'Primer Nivel', '4. Aprovisionamientos', 0, '602', 'PyG', NULL, NULL, NULL, NULL),
	(18, 1, 'PyG', 1, 'Primer Nivel', '4. Aprovisionamientos', 0, '606', 'PyG', NULL, NULL, NULL, NULL),
	(19, 1, 'PyG', 1, 'Primer Nivel', '4. Aprovisionamientos', 0, '607', 'PyG', NULL, NULL, NULL, NULL),
	(20, 1, 'PyG', 1, 'Primer Nivel', '4. Aprovisionamientos', 0, '608', 'PyG', NULL, NULL, NULL, NULL),
	(21, 1, 'PyG', 1, 'Primer Nivel', '4. Aprovisionamientos', 0, '609', 'PyG', NULL, NULL, NULL, NULL),
	(22, 1, 'PyG', 1, 'Primer Nivel', '4. Aprovisionamientos', 0, '61', 'PyG', NULL, NULL, NULL, NULL),
	(23, 1, 'PyG', 1, 'Primer Nivel', '4. Aprovisionamientos', 0, '6931', 'PyG', NULL, NULL, NULL, NULL),
	(24, 1, 'PyG', 1, 'Primer Nivel', '4. Aprovisionamientos', 0, '6932', 'PyG', NULL, NULL, NULL, NULL),
	(25, 1, 'PyG', 1, 'Primer Nivel', '4. Aprovisionamientos', 0, '6933', 'PyG', NULL, NULL, NULL, NULL),
	(26, 1, 'PyG', 1, 'Primer Nivel', '4. Aprovisionamientos', 0, '7931', 'PyG', NULL, NULL, NULL, NULL),
	(27, 1, 'PyG', 1, 'Primer Nivel', '4. Aprovisionamientos', 0, '7932', 'PyG', NULL, NULL, NULL, NULL),
	(28, 1, 'PyG', 1, 'Primer Nivel', '4. Aprovisionamientos', 0, '7933', 'PyG', NULL, NULL, NULL, NULL),
	(29, 1, 'PyG', 1, 'Primer Nivel', '5. Otros ingresos de explotación', 0, '740', 'PyG', NULL, NULL, NULL, NULL),
	(30, 1, 'PyG', 1, 'Primer Nivel', '5. Otros ingresos de explotación', 0, '747', 'PyG', NULL, NULL, NULL, NULL),
	(31, 1, 'PyG', 1, 'Primer Nivel', '5. Otros ingresos de explotación', 0, '75', 'PyG', NULL, NULL, NULL, NULL),
	(32, 1, 'PyG', 1, 'Primer Nivel', '6. Gastos de personal', 0, '64', 'PyG', NULL, NULL, NULL, NULL),
	(33, 1, 'PyG', 1, 'Primer Nivel', '6. Gastos de personal', 0, '7950', 'PyG', NULL, NULL, NULL, NULL),
	(34, 1, 'PyG', 1, 'Primer Nivel', '6. Gastos de personal', 0, '7957', 'PyG', NULL, NULL, NULL, NULL),
	(35, 1, 'PyG', 1, 'Primer Nivel', '7. Otros gastos de explotación', 0, '62', 'PyG', NULL, NULL, NULL, NULL),
	(36, 1, 'PyG', 1, 'Primer Nivel', '7. Otros gastos de explotación', 0, '631', 'PyG', NULL, NULL, NULL, NULL),
	(37, 1, 'PyG', 1, 'Primer Nivel', '7. Otros gastos de explotación', 0, '634', 'PyG', NULL, NULL, NULL, NULL),
	(38, 1, 'PyG', 1, 'Primer Nivel', '7. Otros gastos de explotación', 0, '636', 'PyG', NULL, NULL, NULL, NULL),
	(39, 1, 'PyG', 1, 'Primer Nivel', '7. Otros gastos de explotación', 0, '639', 'PyG', NULL, NULL, NULL, NULL),
	(40, 1, 'PyG', 1, 'Primer Nivel', '7. Otros gastos de explotación', 0, '65', 'PyG', NULL, NULL, NULL, NULL),
	(41, 1, 'PyG', 1, 'Primer Nivel', '7. Otros gastos de explotación', 0, '694', 'PyG', NULL, NULL, NULL, NULL),
	(42, 1, 'PyG', 1, 'Primer Nivel', '7. Otros gastos de explotación', 0, '695', 'PyG', NULL, NULL, NULL, NULL),
	(43, 1, 'PyG', 1, 'Primer Nivel', '7. Otros gastos de explotación', 0, '794', 'PyG', NULL, NULL, NULL, NULL),
	(44, 1, 'PyG', 1, 'Primer Nivel', '7. Otros gastos de explotación', 0, '7954', 'PyG', NULL, NULL, NULL, NULL),
	(45, 1, 'PyG', 1, 'Primer Nivel', '8. Amortización del inmovilizado', 0, '68', 'PyG', NULL, NULL, NULL, NULL),
	(46, 1, 'PyG', 1, 'Primer Nivel', '9. Imputación subvenciones inmovil.no financ.', 0, '7460', 'PyG', NULL, NULL, NULL, NULL),
	(47, 1, 'PyG', 1, 'Primer Nivel', '10. Excesos de provisiones', 0, '7951', 'PyG', NULL, NULL, NULL, NULL),
	(48, 1, 'PyG', 1, 'Primer Nivel', '10. Excesos de provisiones', 0, '7952', 'PyG', NULL, NULL, NULL, NULL),
	(49, 1, 'PyG', 1, 'Primer Nivel', '10. Excesos de provisiones', 0, '7955', 'PyG', NULL, NULL, NULL, NULL),
	(50, 1, 'PyG', 1, 'Primer Nivel', '10. Excesos de provisiones', 0, '7956', 'PyG', NULL, NULL, NULL, NULL),
	(51, 1, 'PyG', 1, 'Primer Nivel', '11. Deterioro y Rtdo. enajenaciones inmovil.', 0, '670', 'PyG', NULL, NULL, NULL, NULL),
	(52, 1, 'PyG', 1, 'Primer Nivel', '11. Deterioro y Rtdo. enajenaciones inmovil.', 0, '671', 'PyG', NULL, NULL, NULL, NULL),
	(53, 1, 'PyG', 1, 'Primer Nivel', '11. Deterioro y Rtdo. enajenaciones inmovil.', 0, '672', 'PyG', NULL, NULL, NULL, NULL),
	(54, 1, 'PyG', 1, 'Primer Nivel', '11. Deterioro y Rtdo. enajenaciones inmovil.', 0, '690', 'PyG', NULL, NULL, NULL, NULL),
	(55, 1, 'PyG', 1, 'Primer Nivel', '11. Deterioro y Rtdo. enajenaciones inmovil.', 0, '691', 'PyG', NULL, NULL, NULL, NULL),
	(56, 1, 'PyG', 1, 'Primer Nivel', '11. Deterioro y Rtdo. enajenaciones inmovil.', 0, '692', 'PyG', NULL, NULL, NULL, NULL),
	(57, 1, 'PyG', 1, 'Primer Nivel', '11. Deterioro y Rtdo. enajenaciones inmovil.', 0, '770', 'PyG', NULL, NULL, NULL, NULL),
	(58, 1, 'PyG', 1, 'Primer Nivel', '11. Deterioro y Rtdo. enajenaciones inmovil.', 0, '771', 'PyG', NULL, NULL, NULL, NULL),
	(59, 1, 'PyG', 1, 'Primer Nivel', '11. Deterioro y Rtdo. enajenaciones inmovil.', 0, '772', 'PyG', NULL, NULL, NULL, NULL),
	(60, 1, 'PyG', 1, 'Primer Nivel', '11. Deterioro y Rtdo. enajenaciones inmovil.', 0, '790', 'PyG', NULL, NULL, NULL, NULL),
	(61, 1, 'PyG', 1, 'Primer Nivel', '11. Deterioro y Rtdo. enajenaciones inmovil.', 0, '791', 'PyG', NULL, NULL, NULL, NULL),
	(62, 1, 'PyG', 1, 'Primer Nivel', '11. Deterioro y Rtdo. enajenaciones inmovil.', 0, '792', 'PyG', NULL, NULL, NULL, NULL),
	(63, 1, 'PyG', 1, 'Primer Nivel', '12. Diferencia negativa combinaciones negocio', 0, '774', 'PyG', NULL, NULL, NULL, NULL),
	(64, 1, 'PyG', 1, 'Primer Nivel', '13 Otros resultados', 0, '678', 'PyG', NULL, NULL, NULL, NULL),
	(65, 1, 'PyG', 1, 'Primer Nivel', '13 Otros resultados', 0, '778', 'PyG', NULL, NULL, NULL, NULL),
	(66, 1, 'PyG', 2, 'Segundo Nivel', 'A) Resultado explotación (del 1 al 13)', 1, 'A1', 'PyG', NULL, NULL, NULL, NULL),
	(67, 1, 'PyG', 2, 'Segundo Nivel', 'A) Resultado explotación (del 1 al 13)', 1, 'A10', 'PyG', NULL, NULL, NULL, NULL),
	(68, 1, 'PyG', 2, 'Segundo Nivel', 'A) Resultado explotación (del 1 al 13)', 1, 'A11', 'PyG', NULL, NULL, NULL, NULL),
	(69, 1, 'PyG', 2, 'Segundo Nivel', 'A) Resultado explotación (del 1 al 13)', 1, 'A12', 'PyG', NULL, NULL, NULL, NULL),
	(70, 1, 'PyG', 2, 'Segundo Nivel', 'A) Resultado explotación (del 1 al 13)', 1, 'A13', 'PyG', NULL, NULL, NULL, NULL),
	(71, 1, 'PyG', 2, 'Segundo Nivel', 'A) Resultado explotación (del 1 al 13)', 1, 'A2', 'PyG', NULL, NULL, NULL, NULL),
	(72, 1, 'PyG', 2, 'Segundo Nivel', 'A) Resultado explotación (del 1 al 13)', 1, 'A3', 'PyG', NULL, NULL, NULL, NULL),
	(73, 1, 'PyG', 2, 'Segundo Nivel', 'A) Resultado explotación (del 1 al 13)', 1, 'A4', 'PyG', NULL, NULL, NULL, NULL),
	(74, 1, 'PyG', 2, 'Segundo Nivel', 'A) Resultado explotación (del 1 al 13)', 1, 'A5', 'PyG', NULL, NULL, NULL, NULL),
	(75, 1, 'PyG', 2, 'Segundo Nivel', 'A) Resultado explotación (del 1 al 13)', 1, 'A6', 'PyG', NULL, NULL, NULL, NULL),
	(76, 1, 'PyG', 2, 'Segundo Nivel', 'A) Resultado explotación (del 1 al 13)', 1, 'A7', 'PyG', NULL, NULL, NULL, NULL),
	(77, 1, 'PyG', 2, 'Segundo Nivel', 'A) Resultado explotación (del 1 al 13)', 1, 'A8', 'PyG', NULL, NULL, NULL, NULL),
	(78, 1, 'PyG', 2, 'Segundo Nivel', 'A) Resultado explotación (del 1 al 13)', 1, 'A9', 'PyG', NULL, NULL, NULL, NULL),
	(79, 1, 'PyG', 2, 'Segundo Nivel', '14. Ingresos financieros', 1, 'A14a', 'PyG', NULL, NULL, NULL, NULL),
	(80, 1, 'PyG', 2, 'Segundo Nivel', '14. Ingresos financieros', 1, 'A14b', 'PyG', NULL, NULL, NULL, NULL),
	(81, 1, 'PyG', 1, 'Primer Nivel', 'a) Imp. subvenciones, donanc. y legados', 0, '7461', 'PyG', NULL, NULL, NULL, NULL),
	(82, 1, 'PyG', 1, 'Primer Nivel', 'b) Otros ingresos financieros', 0, '760', 'PyG', NULL, NULL, NULL, NULL),
	(83, 1, 'PyG', 1, 'Primer Nivel', 'b) Otros ingresos financieros', 0, '761', 'PyG', NULL, NULL, NULL, NULL),
	(84, 1, 'PyG', 1, 'Primer Nivel', 'b) Otros ingresos financieros', 0, '762', 'PyG', NULL, NULL, NULL, NULL),
	(85, 1, 'PyG', 1, 'Primer Nivel', 'b) Otros ingresos financieros', 0, '767', 'PyG', NULL, NULL, NULL, NULL),
	(86, 1, 'PyG', 1, 'Primer Nivel', 'b) Otros ingresos financieros', 0, '769', 'PyG', NULL, NULL, NULL, NULL),
	(87, 1, 'PyG', 1, 'Primer Nivel', '15. Gastos financieros', 0, '660', 'PyG', NULL, NULL, NULL, NULL),
	(88, 1, 'PyG', 1, 'Primer Nivel', '15. Gastos financieros', 0, '661', 'PyG', NULL, NULL, NULL, NULL),
	(89, 1, 'PyG', 1, 'Primer Nivel', '15. Gastos financieros', 0, '662', 'PyG', NULL, NULL, NULL, NULL),
	(90, 1, 'PyG', 1, 'Primer Nivel', '15. Gastos financieros', 0, '664', 'PyG', NULL, NULL, NULL, NULL),
	(91, 1, 'PyG', 1, 'Primer Nivel', '15. Gastos financieros', 0, '665', 'PyG', NULL, NULL, NULL, NULL),
	(92, 1, 'PyG', 1, 'Primer Nivel', '15. Gastos financieros', 0, '669', 'PyG', NULL, NULL, NULL, NULL),
	(93, 1, 'PyG', 1, 'Primer Nivel', '16. Variación valor razonable instrum. finan.', 0, '663', 'PyG', NULL, NULL, NULL, NULL),
	(94, 1, 'PyG', 1, 'Primer Nivel', '16. Variación valor razonable instrum. finan.', 0, '763', 'PyG', NULL, NULL, NULL, NULL),
	(95, 1, 'PyG', 1, 'Primer Nivel', '17. Diferencias de cambio', 0, '668', 'PyG', NULL, NULL, NULL, NULL),
	(96, 1, 'PyG', 1, 'Primer Nivel', '17. Diferencias de cambio', 0, '768', 'PyG', NULL, NULL, NULL, NULL),
	(97, 1, 'PyG', 1, 'Primer Nivel', '18. Deterioro y Rtdo.enajenaciones instr.fin.', 0, '666', 'PyG', NULL, NULL, NULL, NULL),
	(98, 1, 'PyG', 1, 'Primer Nivel', '18. Deterioro y Rtdo.enajenaciones instr.fin.', 0, '667', 'PyG', NULL, NULL, NULL, NULL),
	(99, 1, 'PyG', 1, 'Primer Nivel', '18. Deterioro y Rtdo.enajenaciones instr.fin.', 0, '673', 'PyG', NULL, NULL, NULL, NULL),
	(100, 1, 'PyG', 1, 'Primer Nivel', '18. Deterioro y Rtdo.enajenaciones instr.fin.', 0, '675', 'PyG', NULL, NULL, NULL, NULL),
	(101, 1, 'PyG', 1, 'Primer Nivel', '18. Deterioro y Rtdo.enajenaciones instr.fin.', 0, '696', 'PyG', NULL, NULL, NULL, NULL),
	(102, 1, 'PyG', 1, 'Primer Nivel', '18. Deterioro y Rtdo.enajenaciones instr.fin.', 0, '697', 'PyG', NULL, NULL, NULL, NULL),
	(103, 1, 'PyG', 1, 'Primer Nivel', '18. Deterioro y Rtdo.enajenaciones instr.fin.', 0, '698', 'PyG', NULL, NULL, NULL, NULL),
	(104, 1, 'PyG', 1, 'Primer Nivel', '18. Deterioro y Rtdo.enajenaciones instr.fin.', 0, '699', 'PyG', NULL, NULL, NULL, NULL),
	(105, 1, 'PyG', 1, 'Primer Nivel', '18. Deterioro y Rtdo.enajenaciones instr.fin.', 0, '766', 'PyG', NULL, NULL, NULL, NULL),
	(106, 1, 'PyG', 1, 'Primer Nivel', '18. Deterioro y Rtdo.enajenaciones instr.fin.', 0, '773', 'PyG', NULL, NULL, NULL, NULL),
	(107, 1, 'PyG', 1, 'Primer Nivel', '18. Deterioro y Rtdo.enajenaciones instr.fin.', 0, '775', 'PyG', NULL, NULL, NULL, NULL),
	(108, 1, 'PyG', 1, 'Primer Nivel', '18. Deterioro y Rtdo.enajenaciones instr.fin.', 0, '796', 'PyG', NULL, NULL, NULL, NULL),
	(109, 1, 'PyG', 1, 'Primer Nivel', '18. Deterioro y Rtdo.enajenaciones instr.fin.', 0, '797', 'PyG', NULL, NULL, NULL, NULL),
	(110, 1, 'PyG', 1, 'Primer Nivel', '18. Deterioro y Rtdo.enajenaciones instr.fin.', 0, '798', 'PyG', NULL, NULL, NULL, NULL),
	(111, 1, 'PyG', 1, 'Primer Nivel', '18. Deterioro y Rtdo.enajenaciones instr.fin.', 0, '799', 'PyG', NULL, NULL, NULL, NULL),
	(112, 1, 'PyG', 2, 'Segundo Nivel', '19.Otros ingresos y gastos carácter financ.', 1, 'A19a', 'PyG', NULL, NULL, NULL, NULL),
	(113, 1, 'PyG', 2, 'Segundo Nivel', '19.Otros ingresos y gastos carácter financ.', 1, 'A19b', 'PyG', NULL, NULL, NULL, NULL),
	(114, 1, 'PyG', 2, 'Segundo Nivel', '19.Otros ingresos y gastos carácter financ.', 1, 'A19c', 'PyG', NULL, NULL, NULL, NULL),
	(115, 1, 'PyG', 1, 'Primer Nivel', 'a) Incorporación al activo de gastos financ.', 0, '0', 'PyG', NULL, NULL, NULL, NULL),
	(116, 1, 'PyG', 1, 'Primer Nivel', 'b) Ing. fin. Derivados convenios acreedores', 0, '0', 'PyG', NULL, NULL, NULL, NULL),
	(117, 1, 'PyG', 1, 'Primer Nivel', 'c) Resto de ingresos y gastos', 0, '0', 'PyG', NULL, NULL, NULL, NULL),
	(118, 1, 'PyG', 3, 'Tercer Nivel', 'B) Resultado financiero (14+15+16+17+18+19)', 2, 'A14', 'PyG', NULL, NULL, NULL, NULL),
	(119, 1, 'PyG', 3, 'Tercer Nivel', 'B) Resultado financiero (14+15+16+17+18+19)', 2, 'A15', 'PyG', NULL, NULL, NULL, NULL),
	(120, 1, 'PyG', 3, 'Tercer Nivel', 'B) Resultado financiero (14+15+16+17+18+19)', 2, 'A16', 'PyG', NULL, NULL, NULL, NULL),
	(121, 1, 'PyG', 3, 'Tercer Nivel', 'B) Resultado financiero (14+15+16+17+18+19)', 2, 'A17', 'PyG', NULL, NULL, NULL, NULL),
	(122, 1, 'PyG', 3, 'Tercer Nivel', 'B) Resultado financiero (14+15+16+17+18+19)', 2, 'A18', 'PyG', NULL, NULL, NULL, NULL),
	(123, 1, 'PyG', 3, 'Tercer Nivel', 'B) Resultado financiero (14+15+16+17+18+19)', 2, 'A19', 'PyG', NULL, NULL, NULL, NULL),
	(124, 1, 'PyG', 4, 'Cuarto Nivel', 'C) Resultado antes de impuestos (A+B)', 3, 'A', 'PyG', NULL, NULL, NULL, NULL),
	(125, 1, 'PyG', 4, 'Cuarto Nivel', 'C) Resultado antes de impuestos (A+B)', 3, 'B', 'PyG', NULL, NULL, NULL, NULL),
	(126, 1, 'PyG', 1, 'Primer Nivel', '20. Impuestos sobre beneficios', 0, '6300', 'PyG', NULL, NULL, NULL, NULL),
	(127, 1, 'PyG', 1, 'Primer Nivel', '20. Impuestos sobre beneficios', 0, '6301', 'PyG', NULL, NULL, NULL, NULL),
	(128, 1, 'PyG', 1, 'Primer Nivel', '20. Impuestos sobre beneficios', 0, '633', 'PyG', NULL, NULL, NULL, NULL),
	(129, 1, 'PyG', 1, 'Primer Nivel', '20. Impuestos sobre beneficios', 0, '638', 'PyG', NULL, NULL, NULL, NULL),
	(130, 1, 'PyG', 5, 'Quinto Nivel', 'D) Resultado del ejercicio (C+20)', 4, 'C+20', 'PyG', NULL, NULL, NULL, NULL),
	(131, 1, 'PyG', 5, 'Quinto Nivel', 'D) Resultado del ejercicio (C+20)', 4, 'C19', 'PyG', NULL, NULL, NULL, NULL),
	(132, 2, 'Balance', 1, 'Primer Nivel', 'ACTIVO', 0, NULL, 'ACTIVO', NULL, NULL, NULL, NULL),
	(133, 2, 'Balance', 2, 'Segundo Nivel', 'A) ACTIVO NO CORRIENTE', 1, 'ANC10', 'ACTIVO  ', NULL, NULL, NULL, NULL),
	(134, 2, 'Balance', 2, 'Segundo Nivel', 'A) ACTIVO NO CORRIENTE', 1, 'ANC20', 'ACTIVO  ', NULL, NULL, NULL, NULL),
	(135, 2, 'Balance', 2, 'Segundo Nivel', 'A) ACTIVO NO CORRIENTE', 1, 'ANC30', 'ACTIVO  ', NULL, NULL, NULL, NULL),
	(136, 2, 'Balance', 2, 'Segundo Nivel', 'A) ACTIVO NO CORRIENTE', 1, 'ANC40', 'ACTIVO  ', NULL, NULL, NULL, NULL),
	(137, 2, 'Balance', 2, 'Segundo Nivel', 'A) ACTIVO NO CORRIENTE', 1, 'ANC50', 'ACTIVO  ', NULL, NULL, NULL, NULL),
	(138, 2, 'Balance', 2, 'Segundo Nivel', 'A) ACTIVO NO CORRIENTE', 1, 'ANC60', 'ACTIVO  ', NULL, NULL, NULL, NULL),
	(139, 2, 'Balance', 2, 'Segundo Nivel', 'A) ACTIVO NO CORRIENTE', 1, 'ANC70', 'ACTIVO  ', NULL, NULL, NULL, NULL),
	(140, 2, 'Balance', 1, 'Primer Nivel', 'I. Inmovilizado Intangible        ', 0, '20', 'ACTIVO  ', NULL, NULL, NULL, NULL),
	(141, 2, 'Balance', 1, 'Primer Nivel', 'I. Inmovilizado Intangible        ', 0, '280', 'ACTIVO  ', NULL, NULL, NULL, NULL),
	(142, 2, 'Balance', 1, 'Primer Nivel', 'I. Inmovilizado Intangible        ', 0, '290', 'ACTIVO  ', NULL, NULL, NULL, NULL),
	(143, 2, 'Balance', 1, 'Primer Nivel', 'II. Inmovilizado  Material         ', 0, '21', 'ACTIVO  ', NULL, NULL, NULL, NULL),
	(144, 2, 'Balance', 1, 'Primer Nivel', 'II. Inmovilizado  Material         ', 0, '23', 'ACTIVO  ', NULL, NULL, NULL, NULL),
	(145, 2, 'Balance', 1, 'Primer Nivel', 'II. Inmovilizado  Material         ', 0, '281', 'ACTIVO  ', NULL, NULL, NULL, NULL),
	(146, 2, 'Balance', 1, 'Primer Nivel', 'II. Inmovilizado  Material         ', 0, '291', 'ACTIVO  ', NULL, NULL, NULL, NULL),
	(147, 2, 'Balance', 1, 'Primer Nivel', 'III. Inversiones Inmobiliarias', 0, '22', 'ACTIVO', NULL, NULL, NULL, NULL),
	(148, 2, 'Balance', 1, 'Primer Nivel', 'III. Inversiones Inmobiliarias', 0, '282', 'ACTIVO', NULL, NULL, NULL, NULL),
	(149, 2, 'Balance', 1, 'Primer Nivel', 'III. Inversiones Inmobiliarias', 0, '292', 'ACTIVO', NULL, NULL, NULL, NULL),
	(150, 2, 'Balance', 1, 'Primer Nivel', 'IV. Invers. empresas grupo y asociadas a L/P', 0, '2403', 'ACTIVO', NULL, NULL, NULL, NULL),
	(151, 2, 'Balance', 1, 'Primer Nivel', 'IV. Invers. empresas grupo y asociadas a L/P', 0, '2404', 'ACTIVO', NULL, NULL, NULL, NULL),
	(152, 2, 'Balance', 1, 'Primer Nivel', 'IV. Invers. empresas grupo y asociadas a L/P', 0, '2413', 'ACTIVO', NULL, NULL, NULL, NULL),
	(153, 2, 'Balance', 1, 'Primer Nivel', 'IV. Invers. empresas grupo y asociadas a L/P', 0, '2414', 'ACTIVO', NULL, NULL, NULL, NULL),
	(154, 2, 'Balance', 1, 'Primer Nivel', 'IV. Invers. empresas grupo y asociadas a L/P', 0, '2423', 'ACTIVO', NULL, NULL, NULL, NULL),
	(155, 2, 'Balance', 1, 'Primer Nivel', 'IV. Invers. empresas grupo y asociadas a L/P', 0, '2424', 'ACTIVO', NULL, NULL, NULL, NULL),
	(156, 2, 'Balance', 1, 'Primer Nivel', 'IV. Invers. empresas grupo y asociadas a L/P', 0, '2493', 'ACTIVO', NULL, NULL, NULL, NULL),
	(157, 2, 'Balance', 1, 'Primer Nivel', 'IV. Invers. empresas grupo y asociadas a L/P', 0, '2494', 'ACTIVO', NULL, NULL, NULL, NULL),
	(158, 2, 'Balance', 1, 'Primer Nivel', 'IV. Invers. empresas grupo y asociadas a L/P', 0, '293', 'ACTIVO', NULL, NULL, NULL, NULL),
	(159, 2, 'Balance', 1, 'Primer Nivel', 'IV. Invers. empresas grupo y asociadas a L/P', 0, '2943', 'ACTIVO', NULL, NULL, NULL, NULL),
	(160, 2, 'Balance', 1, 'Primer Nivel', 'IV. Invers. empresas grupo y asociadas a L/P', 0, '2944', 'ACTIVO', NULL, NULL, NULL, NULL),
	(161, 2, 'Balance', 1, 'Primer Nivel', 'IV. Invers. empresas grupo y asociadas a L/P', 0, '2953', 'ACTIVO', NULL, NULL, NULL, NULL),
	(162, 2, 'Balance', 1, 'Primer Nivel', 'IV. Invers. empresas grupo y asociadas a L/P', 0, '2954', 'ACTIVO', NULL, NULL, NULL, NULL),
	(163, 2, 'Balance', 1, 'Primer Nivel', 'V.Inversiones financieras a L/P', 0, '2405', 'ACTIVO', NULL, NULL, NULL, NULL),
	(164, 2, 'Balance', 1, 'Primer Nivel', 'V.Inversiones financieras a L/P', 0, '2415', 'ACTIVO', NULL, NULL, NULL, NULL),
	(165, 2, 'Balance', 1, 'Primer Nivel', 'V.Inversiones financieras a L/P', 0, '2425', 'ACTIVO', NULL, NULL, NULL, NULL),
	(166, 2, 'Balance', 1, 'Primer Nivel', 'V.Inversiones financieras a L/P', 0, '2495', 'ACTIVO', NULL, NULL, NULL, NULL),
	(167, 2, 'Balance', 1, 'Primer Nivel', 'V.Inversiones financieras a L/P', 0, '250', 'ACTIVO', NULL, NULL, NULL, NULL),
	(168, 2, 'Balance', 1, 'Primer Nivel', 'V.Inversiones financieras a L/P', 0, '251', 'ACTIVO', NULL, NULL, NULL, NULL),
	(169, 2, 'Balance', 1, 'Primer Nivel', 'V.Inversiones financieras a L/P', 0, '252', 'ACTIVO', NULL, NULL, NULL, NULL),
	(170, 2, 'Balance', 1, 'Primer Nivel', 'V.Inversiones financieras a L/P', 0, '253', 'ACTIVO', NULL, NULL, NULL, NULL),
	(171, 2, 'Balance', 1, 'Primer Nivel', 'V.Inversiones financieras a L/P', 0, '254', 'ACTIVO', NULL, NULL, NULL, NULL),
	(172, 2, 'Balance', 1, 'Primer Nivel', 'V.Inversiones financieras a L/P', 0, '255', 'ACTIVO', NULL, NULL, NULL, NULL),
	(173, 2, 'Balance', 1, 'Primer Nivel', 'V.Inversiones financieras a L/P', 0, '257', 'ACTIVO', NULL, NULL, NULL, NULL),
	(174, 2, 'Balance', 1, 'Primer Nivel', 'V.Inversiones financieras a L/P', 0, '258', 'ACTIVO', NULL, NULL, NULL, NULL),
	(175, 2, 'Balance', 1, 'Primer Nivel', 'V.Inversiones financieras a L/P', 0, '259', 'ACTIVO', NULL, NULL, NULL, NULL),
	(176, 2, 'Balance', 1, 'Primer Nivel', 'V.Inversiones financieras a L/P', 0, '26', 'ACTIVO', NULL, NULL, NULL, NULL),
	(177, 2, 'Balance', 1, 'Primer Nivel', 'V.Inversiones financieras a L/P', 0, '2945', 'ACTIVO', NULL, NULL, NULL, NULL),
	(178, 2, 'Balance', 1, 'Primer Nivel', 'V.Inversiones financieras a L/P', 0, '2955', 'ACTIVO', NULL, NULL, NULL, NULL),
	(179, 2, 'Balance', 1, 'Primer Nivel', 'V.Inversiones financieras a L/P', 0, '297', 'ACTIVO', NULL, NULL, NULL, NULL),
	(180, 2, 'Balance', 1, 'Primer Nivel', 'V.Inversiones financieras a L/P', 0, '298', 'ACTIVO', NULL, NULL, NULL, NULL),
	(181, 2, 'Balance', 1, 'Primer Nivel', 'VI. Activos por impuesto diferido', 0, '474', 'ACTIVO  ', NULL, NULL, NULL, NULL),
	(182, 2, 'Balance', 1, 'Primer Nivel', 'VII. Deudores comerciales no corrientes', 0, '0', 'ACTIVO', NULL, NULL, NULL, NULL),
	(183, 2, 'Balance', 4, 'Cuarto Nivel', 'B) ACTIVO CORRIENTE                         ', 3, 'AC10', 'ACTIVO  ', NULL, NULL, NULL, NULL),
	(184, 2, 'Balance', 4, 'Cuarto Nivel', 'B) ACTIVO CORRIENTE                         ', 3, 'AC20', 'ACTIVO  ', NULL, NULL, NULL, NULL),
	(185, 2, 'Balance', 4, 'Cuarto Nivel', 'B) ACTIVO CORRIENTE                         ', 3, 'AC30', 'ACTIVO  ', NULL, NULL, NULL, NULL),
	(186, 2, 'Balance', 4, 'Cuarto Nivel', 'B) ACTIVO CORRIENTE                         ', 3, 'AC40', 'ACTIVO  ', NULL, NULL, NULL, NULL),
	(187, 2, 'Balance', 4, 'Cuarto Nivel', 'B) ACTIVO CORRIENTE                         ', 3, 'AC50', 'ACTIVO  ', NULL, NULL, NULL, NULL),
	(188, 2, 'Balance', 4, 'Cuarto Nivel', 'B) ACTIVO CORRIENTE                         ', 3, 'AC60', 'ACTIVO  ', NULL, NULL, NULL, NULL),
	(189, 2, 'Balance', 4, 'Cuarto Nivel', 'B) ACTIVO CORRIENTE                         ', 3, 'AC70', 'ACTIVO  ', NULL, NULL, NULL, NULL),
	(190, 2, 'Balance', 1, 'Primer Nivel', 'I. Activos no corrientes mantenidos para vta', 0, '580', 'ACTIVO  ', NULL, NULL, NULL, NULL),
	(191, 2, 'Balance', 1, 'Primer Nivel', 'I. Activos no corrientes mantenidos para vta', 0, '581', 'ACTIVO  ', NULL, NULL, NULL, NULL),
	(192, 2, 'Balance', 1, 'Primer Nivel', 'I. Activos no corrientes mantenidos para vta', 0, '582', 'ACTIVO  ', NULL, NULL, NULL, NULL),
	(193, 2, 'Balance', 1, 'Primer Nivel', 'I. Activos no corrientes mantenidos para vta', 0, '583', 'ACTIVO  ', NULL, NULL, NULL, NULL),
	(194, 2, 'Balance', 1, 'Primer Nivel', 'I. Activos no corrientes mantenidos para vta', 0, '584', 'ACTIVO  ', NULL, NULL, NULL, NULL),
	(195, 2, 'Balance', 1, 'Primer Nivel', 'I. Activos no corrientes mantenidos para vta', 0, '599', 'ACTIVO  ', NULL, NULL, NULL, NULL),
	(196, 2, 'Balance', 1, 'Primer Nivel', 'II. Existencias                          ', 0, '30', 'ACTIVO  ', NULL, NULL, NULL, NULL),
	(197, 2, 'Balance', 1, 'Primer Nivel', 'II. Existencias                          ', 0, '31', 'ACTIVO  ', NULL, NULL, NULL, NULL),
	(198, 2, 'Balance', 1, 'Primer Nivel', 'II. Existencias                          ', 0, '32', 'ACTIVO  ', NULL, NULL, NULL, NULL),
	(199, 2, 'Balance', 1, 'Primer Nivel', 'II. Existencias                          ', 0, '33', 'ACTIVO  ', NULL, NULL, NULL, NULL),
	(200, 2, 'Balance', 1, 'Primer Nivel', 'II. Existencias                          ', 0, '34', 'ACTIVO  ', NULL, NULL, NULL, NULL),
	(201, 2, 'Balance', 1, 'Primer Nivel', 'II. Existencias                          ', 0, '35', 'ACTIVO  ', NULL, NULL, NULL, NULL),
	(202, 2, 'Balance', 1, 'Primer Nivel', 'II. Existencias                          ', 0, '36', 'ACTIVO  ', NULL, NULL, NULL, NULL),
	(203, 2, 'Balance', 1, 'Primer Nivel', 'II. Existencias                          ', 0, '39', 'ACTIVO  ', NULL, NULL, NULL, NULL),
	(204, 2, 'Balance', 1, 'Primer Nivel', 'II. Existencias                          ', 0, '407', 'ACTIVO  ', NULL, NULL, NULL, NULL),
	(205, 2, 'Balance', 3, 'Tercer Nivel', 'III. Deudores ciales y otras ctas.cobrar', 2, 'AC31', 'ACTIVO  ', NULL, NULL, NULL, NULL),
	(206, 2, 'Balance', 3, 'Tercer Nivel', 'III. Deudores ciales y otras ctas.cobrar', 2, 'AC32', 'ACTIVO  ', NULL, NULL, NULL, NULL),
	(207, 2, 'Balance', 3, 'Tercer Nivel', 'III. Deudores ciales y otras ctas.cobrar', 2, 'AC33', 'ACTIVO  ', NULL, NULL, NULL, NULL),
	(208, 2, 'Balance', 2, 'Segundo Nivel', '1. Clientes ventas y Prestaciones Servicios', 1, 'AC31a', 'ACTIVO', NULL, NULL, NULL, NULL),
	(209, 2, 'Balance', 2, 'Segundo Nivel', '1. Clientes ventas y Prestaciones Servicios', 1, 'AC31b', 'ACTIVO', NULL, NULL, NULL, NULL),
	(210, 2, 'Balance', 1, 'Primer Nivel', 'a) Clientes vtas y prest. serv. a L/P', 0, '0', 'ACTIVO', NULL, NULL, NULL, NULL),
	(211, 2, 'Balance', 1, 'Primer Nivel', 'b) Clientes vtas y prest. serv. a C/P', 0, '430', 'ACTIVO', NULL, NULL, NULL, NULL),
	(212, 2, 'Balance', 1, 'Primer Nivel', 'b) Clientes vtas y prest. serv. a C/P', 0, '431', 'ACTIVO', NULL, NULL, NULL, NULL),
	(213, 2, 'Balance', 1, 'Primer Nivel', 'b) Clientes vtas y prest. serv. a C/P', 0, '432', 'ACTIVO', NULL, NULL, NULL, NULL),
	(214, 2, 'Balance', 1, 'Primer Nivel', 'b) Clientes vtas y prest. serv. a C/P', 0, '433', 'ACTIVO', NULL, NULL, NULL, NULL),
	(215, 2, 'Balance', 1, 'Primer Nivel', 'b) Clientes vtas y prest. serv. a C/P', 0, '434', 'ACTIVO', NULL, NULL, NULL, NULL),
	(216, 2, 'Balance', 1, 'Primer Nivel', 'b) Clientes vtas y prest. serv. a C/P', 0, '435', 'ACTIVO', NULL, NULL, NULL, NULL),
	(217, 2, 'Balance', 1, 'Primer Nivel', 'b) Clientes vtas y prest. serv. a C/P', 0, '436', 'ACTIVO', NULL, NULL, NULL, NULL),
	(218, 2, 'Balance', 1, 'Primer Nivel', 'b) Clientes vtas y prest. serv. a C/P', 0, '437', 'ACTIVO', NULL, NULL, NULL, NULL),
	(219, 2, 'Balance', 1, 'Primer Nivel', 'b) Clientes vtas y prest. serv. a C/P', 0, '490', 'ACTIVO', NULL, NULL, NULL, NULL),
	(220, 2, 'Balance', 1, 'Primer Nivel', 'b) Clientes vtas y prest. serv. a C/P', 0, '493', 'ACTIVO', NULL, NULL, NULL, NULL),
	(221, 2, 'Balance', 1, 'Primer Nivel', '2. Accionistas (socios) por desembolsos exig.', 0, '5580', 'ACTIVO', NULL, NULL, NULL, NULL),
	(222, 2, 'Balance', 1, 'Primer Nivel', '3. Otros deudores', 0, '44', 'ACTIVO  ', NULL, NULL, NULL, NULL),
	(223, 2, 'Balance', 1, 'Primer Nivel', '3. Otros deudores', 0, '460', 'ACTIVO  ', NULL, NULL, NULL, NULL),
	(224, 2, 'Balance', 1, 'Primer Nivel', '3. Otros deudores', 0, '470', 'ACTIVO  ', NULL, NULL, NULL, NULL),
	(225, 2, 'Balance', 1, 'Primer Nivel', '3. Otros deudores', 0, '471', 'ACTIVO  ', NULL, NULL, NULL, NULL),
	(226, 2, 'Balance', 1, 'Primer Nivel', '3. Otros deudores', 0, '472', 'ACTIVO  ', NULL, NULL, NULL, NULL),
	(227, 2, 'Balance', 1, 'Primer Nivel', '3. Otros deudores', 0, '473', 'ACTIVO  ', NULL, NULL, NULL, NULL),
	(228, 2, 'Balance', 1, 'Primer Nivel', '3. Otros deudores', 0, '544', 'ACTIVO  ', NULL, NULL, NULL, NULL),
	(229, 2, 'Balance', 1, 'Primer Nivel', '3. Otros deudores', 0, '550', 'ACTIVO  ', NULL, NULL, NULL, NULL),
	(230, 2, 'Balance', 1, 'Primer Nivel', '3. Otros deudores', 0, '5531', 'ACTIVO  ', NULL, NULL, NULL, NULL),
	(231, 2, 'Balance', 1, 'Primer Nivel', '3. Otros deudores', 0, '5533', 'ACTIVO  ', NULL, NULL, NULL, NULL),
	(232, 2, 'Balance', 1, 'Primer Nivel', '3. Otros deudores', 0, '554', 'ACTIVO  ', NULL, NULL, NULL, NULL),
	(233, 2, 'Balance', 1, 'Primer Nivel', 'IV. Invers. empresas grupo y asociadas a C/P', 0, '5303', 'ACTIVO  ', NULL, NULL, NULL, NULL),
	(234, 2, 'Balance', 1, 'Primer Nivel', 'IV. Invers. empresas grupo y asociadas a C/P', 0, '5304', 'ACTIVO  ', NULL, NULL, NULL, NULL),
	(235, 2, 'Balance', 1, 'Primer Nivel', 'IV. Invers. empresas grupo y asociadas a C/P', 0, '5313', 'ACTIVO  ', NULL, NULL, NULL, NULL),
	(236, 2, 'Balance', 1, 'Primer Nivel', 'IV. Invers. empresas grupo y asociadas a C/P', 0, '5314', 'ACTIVO  ', NULL, NULL, NULL, NULL),
	(237, 2, 'Balance', 1, 'Primer Nivel', 'IV. Invers. empresas grupo y asociadas a C/P', 0, '5323', 'ACTIVO  ', NULL, NULL, NULL, NULL),
	(238, 2, 'Balance', 1, 'Primer Nivel', 'IV. Invers. empresas grupo y asociadas a C/P', 0, '5324', 'ACTIVO  ', NULL, NULL, NULL, NULL),
	(239, 2, 'Balance', 1, 'Primer Nivel', 'IV. Invers. empresas grupo y asociadas a C/P', 0, '5333', 'ACTIVO  ', NULL, NULL, NULL, NULL),
	(240, 2, 'Balance', 1, 'Primer Nivel', 'IV. Invers. empresas grupo y asociadas a C/P', 0, '5334', 'ACTIVO  ', NULL, NULL, NULL, NULL),
	(241, 2, 'Balance', 1, 'Primer Nivel', 'IV. Invers. empresas grupo y asociadas a C/P', 0, '5343', 'ACTIVO  ', NULL, NULL, NULL, NULL),
	(242, 2, 'Balance', 1, 'Primer Nivel', 'IV. Invers. empresas grupo y asociadas a C/P', 0, '5344', 'ACTIVO  ', NULL, NULL, NULL, NULL),
	(243, 2, 'Balance', 1, 'Primer Nivel', 'IV. Invers. empresas grupo y asociadas a C/P', 0, '5353', 'ACTIVO  ', NULL, NULL, NULL, NULL),
	(244, 2, 'Balance', 1, 'Primer Nivel', 'IV. Invers. empresas grupo y asociadas a C/P', 0, '5354', 'ACTIVO  ', NULL, NULL, NULL, NULL),
	(245, 2, 'Balance', 1, 'Primer Nivel', 'IV. Invers. empresas grupo y asociadas a C/P', 0, '5393', 'ACTIVO  ', NULL, NULL, NULL, NULL),
	(246, 2, 'Balance', 1, 'Primer Nivel', 'IV. Invers. empresas grupo y asociadas a C/P', 0, '5394', 'ACTIVO  ', NULL, NULL, NULL, NULL),
	(247, 2, 'Balance', 1, 'Primer Nivel', 'IV. Invers. empresas grupo y asociadas a C/P', 0, '5523', 'ACTIVO  ', NULL, NULL, NULL, NULL),
	(248, 2, 'Balance', 1, 'Primer Nivel', 'IV. Invers. empresas grupo y asociadas a C/P', 0, '5524', 'ACTIVO  ', NULL, NULL, NULL, NULL),
	(249, 2, 'Balance', 1, 'Primer Nivel', 'IV. Invers. empresas grupo y asociadas a C/P', 0, '593', 'ACTIVO  ', NULL, NULL, NULL, NULL),
	(250, 2, 'Balance', 1, 'Primer Nivel', 'IV. Invers. empresas grupo y asociadas a C/P', 0, '5943', 'ACTIVO  ', NULL, NULL, NULL, NULL),
	(251, 2, 'Balance', 1, 'Primer Nivel', 'IV. Invers. empresas grupo y asociadas a C/P', 0, '5944', 'ACTIVO  ', NULL, NULL, NULL, NULL),
	(252, 2, 'Balance', 1, 'Primer Nivel', 'IV. Invers. empresas grupo y asociadas a C/P', 0, '5953', 'ACTIVO  ', NULL, NULL, NULL, NULL),
	(253, 2, 'Balance', 1, 'Primer Nivel', 'IV. Invers. empresas grupo y asociadas a C/P', 0, '5954', 'ACTIVO  ', NULL, NULL, NULL, NULL),
	(254, 2, 'Balance', 1, 'Primer Nivel', 'V. Inversiones financieras a C/P', 0, '5305', 'ACTIVO  ', NULL, NULL, NULL, NULL),
	(255, 2, 'Balance', 1, 'Primer Nivel', 'V. Inversiones financieras a C/P', 0, '5315', 'ACTIVO  ', NULL, NULL, NULL, NULL),
	(256, 2, 'Balance', 1, 'Primer Nivel', 'V. Inversiones financieras a C/P', 0, '5325', 'ACTIVO  ', NULL, NULL, NULL, NULL),
	(257, 2, 'Balance', 1, 'Primer Nivel', 'V. Inversiones financieras a C/P', 0, '5335', 'ACTIVO  ', NULL, NULL, NULL, NULL),
	(258, 2, 'Balance', 1, 'Primer Nivel', 'V. Inversiones financieras a C/P', 0, '5345', 'ACTIVO  ', NULL, NULL, NULL, NULL),
	(259, 2, 'Balance', 1, 'Primer Nivel', 'V. Inversiones financieras a C/P', 0, '5355', 'ACTIVO  ', NULL, NULL, NULL, NULL),
	(260, 2, 'Balance', 1, 'Primer Nivel', 'V. Inversiones financieras a C/P', 0, '5395', 'ACTIVO  ', NULL, NULL, NULL, NULL),
	(261, 2, 'Balance', 1, 'Primer Nivel', 'V. Inversiones financieras a C/P', 0, '540', 'ACTIVO  ', NULL, NULL, NULL, NULL),
	(262, 2, 'Balance', 1, 'Primer Nivel', 'V. Inversiones financieras a C/P', 0, '541', 'ACTIVO  ', NULL, NULL, NULL, NULL),
	(263, 2, 'Balance', 1, 'Primer Nivel', 'V. Inversiones financieras a C/P', 0, '542', 'ACTIVO  ', NULL, NULL, NULL, NULL),
	(264, 2, 'Balance', 1, 'Primer Nivel', 'V. Inversiones financieras a C/P', 0, '543', 'ACTIVO  ', NULL, NULL, NULL, NULL),
	(265, 2, 'Balance', 1, 'Primer Nivel', 'V. Inversiones financieras a C/P', 0, '545', 'ACTIVO  ', NULL, NULL, NULL, NULL),
	(266, 2, 'Balance', 1, 'Primer Nivel', 'V. Inversiones financieras a C/P', 0, '546', 'ACTIVO  ', NULL, NULL, NULL, NULL),
	(267, 2, 'Balance', 1, 'Primer Nivel', 'V. Inversiones financieras a C/P', 0, '547', 'ACTIVO  ', NULL, NULL, NULL, NULL),
	(268, 2, 'Balance', 1, 'Primer Nivel', 'V. Inversiones financieras a C/P', 0, '548', 'ACTIVO  ', NULL, NULL, NULL, NULL),
	(269, 2, 'Balance', 1, 'Primer Nivel', 'V. Inversiones financieras a C/P', 0, '549', 'ACTIVO  ', NULL, NULL, NULL, NULL),
	(270, 2, 'Balance', 1, 'Primer Nivel', 'V. Inversiones financieras a C/P', 0, '551', 'ACTIVO  ', NULL, NULL, NULL, NULL),
	(271, 2, 'Balance', 1, 'Primer Nivel', 'V. Inversiones financieras a C/P', 0, '5525', 'ACTIVO  ', NULL, NULL, NULL, NULL),
	(272, 2, 'Balance', 1, 'Primer Nivel', 'V. Inversiones financieras a C/P', 0, '5590', 'ACTIVO  ', NULL, NULL, NULL, NULL),
	(273, 2, 'Balance', 1, 'Primer Nivel', 'V. Inversiones financieras a C/P', 0, '5593', 'ACTIVO  ', NULL, NULL, NULL, NULL),
	(274, 2, 'Balance', 1, 'Primer Nivel', 'V. Inversiones financieras a C/P', 0, '565', 'ACTIVO  ', NULL, NULL, NULL, NULL),
	(275, 2, 'Balance', 1, 'Primer Nivel', 'V. Inversiones financieras a C/P', 0, '566', 'ACTIVO  ', NULL, NULL, NULL, NULL),
	(276, 2, 'Balance', 1, 'Primer Nivel', 'V. Inversiones financieras a C/P', 0, '5945', 'ACTIVO  ', NULL, NULL, NULL, NULL),
	(277, 2, 'Balance', 1, 'Primer Nivel', 'V. Inversiones financieras a C/P', 0, '5955', 'ACTIVO  ', NULL, NULL, NULL, NULL),
	(278, 2, 'Balance', 1, 'Primer Nivel', 'V. Inversiones financieras a C/P', 0, '597', 'ACTIVO  ', NULL, NULL, NULL, NULL),
	(279, 2, 'Balance', 1, 'Primer Nivel', 'V. Inversiones financieras a C/P', 0, '598', 'ACTIVO  ', NULL, NULL, NULL, NULL),
	(280, 2, 'Balance', 1, 'Primer Nivel', 'VI. Periodificaciones a C/P', 0, '480', 'ACTIVO  ', NULL, NULL, NULL, NULL),
	(281, 2, 'Balance', 1, 'Primer Nivel', 'VI. Periodificaciones a C/P', 0, '567', 'ACTIVO  ', NULL, NULL, NULL, NULL),
	(282, 2, 'Balance', 1, 'Primer Nivel', 'VII. Efectivo y otros activos líquidos equiv.', 0, '571', 'ACTIVO  ', NULL, NULL, NULL, NULL),
	(283, 2, 'Balance', 5, 'Quinto Nivel', 'TOTAL  ACTIVO (A + B)', 4, 'AC', 'ACTIVO  ', NULL, NULL, NULL, NULL),
	(284, 2, 'Balance', 5, 'Quinto Nivel', 'TOTAL  ACTIVO (A + B)', 4, 'ANC', 'ACTIVO  ', NULL, NULL, NULL, NULL),
	(285, 2, 'Balance', 1, 'Primer Nivel', 'PATRIMONIO NETO Y PASIVO', 0, NULL, 'PASIVO', NULL, NULL, NULL, NULL),
	(286, 2, 'Balance', 4, 'Cuarto Nivel', 'A) PATRIMONIO NETO    ', 3, 'PNA1', 'PASIVO', NULL, NULL, NULL, NULL),
	(287, 2, 'Balance', 4, 'Cuarto Nivel', 'A) PATRIMONIO NETO    ', 3, 'PNA20', 'PASIVO', NULL, NULL, NULL, NULL),
	(288, 2, 'Balance', 4, 'Cuarto Nivel', 'A) PATRIMONIO NETO    ', 3, 'PNA30', 'PASIVO', NULL, NULL, NULL, NULL),
	(289, 2, 'Balance', 4, 'Cuarto Nivel', 'A) PATRIMONIO NETO    ', 3, 'PNA40', 'PASIVO', NULL, NULL, NULL, NULL),
	(290, 2, 'Balance', 3, 'Tercer Nivel', 'A-1) Fondos propios', 2, 'PNA11', 'PASIVO', NULL, NULL, NULL, NULL),
	(291, 2, 'Balance', 3, 'Tercer Nivel', 'A-1) Fondos propios', 2, 'PNA12', 'PASIVO', NULL, NULL, NULL, NULL),
	(292, 2, 'Balance', 3, 'Tercer Nivel', 'A-1) Fondos propios', 2, 'PNA13', 'PASIVO', NULL, NULL, NULL, NULL),
	(293, 2, 'Balance', 3, 'Tercer Nivel', 'A-1) Fondos propios', 2, 'PNA14', 'PASIVO', NULL, NULL, NULL, NULL),
	(294, 2, 'Balance', 3, 'Tercer Nivel', 'A-1) Fondos propios', 2, 'PNA15', 'PASIVO', NULL, NULL, NULL, NULL),
	(295, 2, 'Balance', 3, 'Tercer Nivel', 'A-1) Fondos propios', 2, 'PNA16', 'PASIVO', NULL, NULL, NULL, NULL),
	(296, 2, 'Balance', 3, 'Tercer Nivel', 'A-1) Fondos propios', 2, 'PNA17', 'PASIVO', NULL, NULL, NULL, NULL),
	(297, 2, 'Balance', 3, 'Tercer Nivel', 'A-1) Fondos propios', 2, 'PNA18', 'PASIVO', NULL, NULL, NULL, NULL),
	(298, 2, 'Balance', 3, 'Tercer Nivel', 'A-1) Fondos propios', 2, 'PNA19', 'PASIVO', NULL, NULL, NULL, NULL),
	(299, 2, 'Balance', 2, 'Segundo Nivel', 'I. Capital', 1, 'PNA111', 'PASIVO  ', NULL, NULL, NULL, NULL),
	(300, 2, 'Balance', 2, 'Segundo Nivel', 'I. Capital', 1, 'PNA112', 'PASIVO  ', NULL, NULL, NULL, NULL),
	(301, 2, 'Balance', 1, 'Primer Nivel', '1. Capital escriturado', 0, '100', 'PASIVO', NULL, NULL, NULL, NULL),
	(302, 2, 'Balance', 1, 'Primer Nivel', '1. Capital escriturado', 0, '101', 'PASIVO', NULL, NULL, NULL, NULL),
	(303, 2, 'Balance', 1, 'Primer Nivel', '1. Capital escriturado', 0, '102', 'PASIVO', NULL, NULL, NULL, NULL),
	(304, 2, 'Balance', 1, 'Primer Nivel', '2.(Capital no exigido)', 0, '1030', 'PASIVO', NULL, NULL, NULL, NULL),
	(305, 2, 'Balance', 1, 'Primer Nivel', '2.(Capital no exigido)', 0, '1040', 'PASIVO', NULL, NULL, NULL, NULL),
	(306, 2, 'Balance', 1, 'Primer Nivel', 'II. Prima de Emisión', 0, '110', 'PASIVO  ', NULL, NULL, NULL, NULL),
	(307, 2, 'Balance', 2, 'Segundo Nivel', 'III. Reservas', 1, 'PNA131', 'PASIVO  ', NULL, NULL, NULL, NULL),
	(308, 2, 'Balance', 2, 'Segundo Nivel', 'III. Reservas', 1, 'PNA132', 'PASIVO  ', NULL, NULL, NULL, NULL),
	(309, 2, 'Balance', 1, 'Primer Nivel', '1. Reservas', 0, '112', 'PASIVO  ', NULL, NULL, NULL, NULL),
	(310, 2, 'Balance', 1, 'Primer Nivel', '1. Reservas', 0, '113', 'PASIVO  ', NULL, NULL, NULL, NULL),
	(311, 2, 'Balance', 1, 'Primer Nivel', '1. Reservas', 0, '114', 'PASIVO  ', NULL, NULL, NULL, NULL),
	(312, 2, 'Balance', 1, 'Primer Nivel', '1. Reservas', 0, '115', 'PASIVO  ', NULL, NULL, NULL, NULL),
	(313, 2, 'Balance', 1, 'Primer Nivel', '1. Reservas', 0, '119', 'PASIVO  ', NULL, NULL, NULL, NULL),
	(314, 2, 'Balance', 1, 'Primer Nivel', '2. Reservas pendiente de cierre', 0, '850', 'PASIVO  ', NULL, NULL, NULL, NULL),
	(315, 2, 'Balance', 1, 'Primer Nivel', '2. Reservas pendiente de cierre', 0, '851', 'PASIVO  ', NULL, NULL, NULL, NULL),
	(316, 2, 'Balance', 1, 'Primer Nivel', '2. Reservas pendiente de cierre', 0, '950', 'PASIVO  ', NULL, NULL, NULL, NULL),
	(317, 2, 'Balance', 1, 'Primer Nivel', '2. Reservas pendiente de cierre', 0, '951', 'PASIVO  ', NULL, NULL, NULL, NULL),
	(318, 2, 'Balance', 1, 'Primer Nivel', 'IV. (Acciones y particip. patrimonio propias)', 0, '108', 'PASIVO  ', NULL, NULL, NULL, NULL),
	(319, 2, 'Balance', 1, 'Primer Nivel', 'IV. (Acciones y particip. patrimonio propias)', 0, '109', 'PASIVO  ', NULL, NULL, NULL, NULL),
	(320, 2, 'Balance', 1, 'Primer Nivel', 'V. Resultados Ejercicios Anteriores', 0, '120', 'PASIVO  ', NULL, NULL, NULL, NULL),
	(321, 2, 'Balance', 1, 'Primer Nivel', 'V. Resultados Ejercicios Anteriores', 0, '121', 'PASIVO  ', NULL, NULL, NULL, NULL),
	(322, 2, 'Balance', 1, 'Primer Nivel', 'VI. Otras aportaciones de socios', 0, '118', 'PASIVO', NULL, NULL, NULL, NULL),
	(323, 2, 'Balance', 2, 'Segundo Nivel', 'VII. Resultado del ejercicio', 1, 'PNA171', 'PASIVO  ', NULL, NULL, NULL, NULL),
	(324, 2, 'Balance', 2, 'Segundo Nivel', 'VII. Resultado del ejercicio', 1, 'PNA172', 'PASIVO  ', NULL, NULL, NULL, NULL),
	(325, 2, 'Balance', 1, 'Primer Nivel', 'Cuenta Perd. y Ganancias (129)', 0, '129', 'PASIVO  ', NULL, NULL, NULL, NULL),
	(326, 2, 'Balance', 1, 'Primer Nivel', 'Ingresos/Gastos pendiente cierre', 0, '6', 'PASIVO', NULL, NULL, NULL, NULL),
	(327, 2, 'Balance', 1, 'Primer Nivel', 'Ingresos/Gastos pendiente cierre', 0, '7', 'PASIVO', NULL, NULL, NULL, NULL),
	(328, 2, 'Balance', 1, 'Primer Nivel', 'VIII. (Dividendo a Cuenta)', 0, '557', 'PASIVO  ', NULL, NULL, NULL, NULL),
	(329, 2, 'Balance', 1, 'Primer Nivel', 'IX. Otros instrumentos de patrimonio neto', 0, '111', 'PASIVO', NULL, NULL, NULL, NULL),
	(330, 2, 'Balance', 2, 'Segundo Nivel', 'A-2) Ajustes por cambio de valor', 1, 'PNA201', 'PASIVO', NULL, NULL, NULL, NULL),
	(331, 2, 'Balance', 2, 'Segundo Nivel', 'A-2) Ajustes por cambio de valor', 1, 'PNA202', 'PASIVO', NULL, NULL, NULL, NULL),
	(332, 2, 'Balance', 1, 'Primer Nivel', '1. Ajustes por cambio valor', 0, '133', 'PASIVO  ', NULL, NULL, NULL, NULL),
	(333, 2, 'Balance', 1, 'Primer Nivel', '1. Ajustes por cambio valor', 0, '134', 'PASIVO  ', NULL, NULL, NULL, NULL),
	(334, 2, 'Balance', 1, 'Primer Nivel', '1. Ajustes por cambio valor', 0, '135', 'PASIVO  ', NULL, NULL, NULL, NULL),
	(335, 2, 'Balance', 1, 'Primer Nivel', '1. Ajustes por cambio valor', 0, '136', 'PASIVO  ', NULL, NULL, NULL, NULL),
	(336, 2, 'Balance', 1, 'Primer Nivel', '1. Ajustes por cambio valor', 0, '137', 'PASIVO  ', NULL, NULL, NULL, NULL),
	(337, 2, 'Balance', 1, 'Primer Nivel', '2. Ajustes por cambio valor pendiente cierre', 0, '800', 'PASIVO  ', NULL, NULL, NULL, NULL),
	(338, 2, 'Balance', 1, 'Primer Nivel', '2. Ajustes por cambio valor pendiente cierre', 0, '801', 'PASIVO  ', NULL, NULL, NULL, NULL),
	(339, 2, 'Balance', 1, 'Primer Nivel', '2. Ajustes por cambio valor pendiente cierre', 0, '802', 'PASIVO  ', NULL, NULL, NULL, NULL),
	(340, 2, 'Balance', 1, 'Primer Nivel', '2. Ajustes por cambio valor pendiente cierre', 0, '803', 'PASIVO  ', NULL, NULL, NULL, NULL),
	(341, 2, 'Balance', 1, 'Primer Nivel', '2. Ajustes por cambio valor pendiente cierre', 0, '810', 'PASIVO  ', NULL, NULL, NULL, NULL),
	(342, 2, 'Balance', 1, 'Primer Nivel', '2. Ajustes por cambio valor pendiente cierre', 0, '811', 'PASIVO  ', NULL, NULL, NULL, NULL),
	(343, 2, 'Balance', 1, 'Primer Nivel', '2. Ajustes por cambio valor pendiente cierre', 0, '812', 'PASIVO  ', NULL, NULL, NULL, NULL),
	(344, 2, 'Balance', 1, 'Primer Nivel', '2. Ajustes por cambio valor pendiente cierre', 0, '813', 'PASIVO  ', NULL, NULL, NULL, NULL),
	(345, 2, 'Balance', 1, 'Primer Nivel', '2. Ajustes por cambio valor pendiente cierre', 0, '820', 'PASIVO  ', NULL, NULL, NULL, NULL),
	(346, 2, 'Balance', 1, 'Primer Nivel', '2. Ajustes por cambio valor pendiente cierre', 0, '821', 'PASIVO  ', NULL, NULL, NULL, NULL),
	(347, 2, 'Balance', 1, 'Primer Nivel', '2. Ajustes por cambio valor pendiente cierre', 0, '830', 'PASIVO  ', NULL, NULL, NULL, NULL),
	(348, 2, 'Balance', 1, 'Primer Nivel', '2. Ajustes por cambio valor pendiente cierre', 0, '833', 'PASIVO  ', NULL, NULL, NULL, NULL),
	(349, 2, 'Balance', 1, 'Primer Nivel', '2. Ajustes por cambio valor pendiente cierre', 0, '834', 'PASIVO  ', NULL, NULL, NULL, NULL),
	(350, 2, 'Balance', 1, 'Primer Nivel', '2. Ajustes por cambio valor pendiente cierre', 0, '835', 'PASIVO  ', NULL, NULL, NULL, NULL),
	(351, 2, 'Balance', 1, 'Primer Nivel', '2. Ajustes por cambio valor pendiente cierre', 0, '836', 'PASIVO  ', NULL, NULL, NULL, NULL),
	(352, 2, 'Balance', 1, 'Primer Nivel', '2. Ajustes por cambio valor pendiente cierre', 0, '837', 'PASIVO  ', NULL, NULL, NULL, NULL),
	(353, 2, 'Balance', 1, 'Primer Nivel', '2. Ajustes por cambio valor pendiente cierre', 0, '838', 'PASIVO  ', NULL, NULL, NULL, NULL),
	(354, 2, 'Balance', 1, 'Primer Nivel', '2. Ajustes por cambio valor pendiente cierre', 0, '860', 'PASIVO  ', NULL, NULL, NULL, NULL),
	(355, 2, 'Balance', 1, 'Primer Nivel', '2. Ajustes por cambio valor pendiente cierre', 0, '862', 'PASIVO  ', NULL, NULL, NULL, NULL),
	(356, 2, 'Balance', 1, 'Primer Nivel', '2. Ajustes por cambio valor pendiente cierre', 0, '890', 'PASIVO  ', NULL, NULL, NULL, NULL),
	(357, 2, 'Balance', 1, 'Primer Nivel', '2. Ajustes por cambio valor pendiente cierre', 0, '891', 'PASIVO  ', NULL, NULL, NULL, NULL),
	(358, 2, 'Balance', 1, 'Primer Nivel', '2. Ajustes por cambio valor pendiente cierre', 0, '892', 'PASIVO  ', NULL, NULL, NULL, NULL),
	(359, 2, 'Balance', 1, 'Primer Nivel', '2. Ajustes por cambio valor pendiente cierre', 0, '900', 'PASIVO  ', NULL, NULL, NULL, NULL),
	(360, 2, 'Balance', 1, 'Primer Nivel', '2. Ajustes por cambio valor pendiente cierre', 0, '901', 'PASIVO  ', NULL, NULL, NULL, NULL),
	(361, 2, 'Balance', 1, 'Primer Nivel', '2. Ajustes por cambio valor pendiente cierre', 0, '902', 'PASIVO  ', NULL, NULL, NULL, NULL),
	(362, 2, 'Balance', 1, 'Primer Nivel', '2. Ajustes por cambio valor pendiente cierre', 0, '903', 'PASIVO  ', NULL, NULL, NULL, NULL),
	(363, 2, 'Balance', 1, 'Primer Nivel', '2. Ajustes por cambio valor pendiente cierre', 0, '910', 'PASIVO  ', NULL, NULL, NULL, NULL),
	(364, 2, 'Balance', 1, 'Primer Nivel', '2. Ajustes por cambio valor pendiente cierre', 0, '911', 'PASIVO  ', NULL, NULL, NULL, NULL),
	(365, 2, 'Balance', 1, 'Primer Nivel', '2. Ajustes por cambio valor pendiente cierre', 0, '912', 'PASIVO  ', NULL, NULL, NULL, NULL),
	(366, 2, 'Balance', 1, 'Primer Nivel', '2. Ajustes por cambio valor pendiente cierre', 0, '913', 'PASIVO  ', NULL, NULL, NULL, NULL),
	(367, 2, 'Balance', 1, 'Primer Nivel', '2. Ajustes por cambio valor pendiente cierre', 0, '920', 'PASIVO  ', NULL, NULL, NULL, NULL),
	(368, 2, 'Balance', 1, 'Primer Nivel', '2. Ajustes por cambio valor pendiente cierre', 0, '921', 'PASIVO  ', NULL, NULL, NULL, NULL),
	(369, 2, 'Balance', 1, 'Primer Nivel', '2. Ajustes por cambio valor pendiente cierre', 0, '960', 'PASIVO  ', NULL, NULL, NULL, NULL),
	(370, 2, 'Balance', 1, 'Primer Nivel', '2. Ajustes por cambio valor pendiente cierre', 0, '962', 'PASIVO  ', NULL, NULL, NULL, NULL),
	(371, 2, 'Balance', 1, 'Primer Nivel', '2. Ajustes por cambio valor pendiente cierre', 0, '990', 'PASIVO  ', NULL, NULL, NULL, NULL),
	(372, 2, 'Balance', 1, 'Primer Nivel', '2. Ajustes por cambio valor pendiente cierre', 0, '991', 'PASIVO  ', NULL, NULL, NULL, NULL),
	(373, 2, 'Balance', 1, 'Primer Nivel', '2. Ajustes por cambio valor pendiente cierre', 0, '992', 'PASIVO  ', NULL, NULL, NULL, NULL),
	(374, 2, 'Balance', 1, 'Primer Nivel', '2. Ajustes por cambio valor pendiente cierre', 0, '993', 'PASIVO  ', NULL, NULL, NULL, NULL),
	(375, 2, 'Balance', 1, 'Primer Nivel', '2. Ajustes por cambio valor pendiente cierre', 0, '994', 'PASIVO  ', NULL, NULL, NULL, NULL),
	(376, 2, 'Balance', 2, 'Segundo Nivel', 'A-3) Subvenciones, donacion. y legados recib.', 1, 'PNA301', 'PASIVO', NULL, NULL, NULL, NULL),
	(377, 2, 'Balance', 2, 'Segundo Nivel', 'A-3) Subvenciones, donacion. y legados recib.', 1, 'PNA302', 'PASIVO', NULL, NULL, NULL, NULL),
	(378, 2, 'Balance', 1, 'Primer Nivel', '1. Subvenciones, donacion. y legados recib.', 0, '130', 'PASIVO  ', NULL, NULL, NULL, NULL),
	(379, 2, 'Balance', 1, 'Primer Nivel', '1. Subvenciones, donacion. y legados recib.', 0, '131', 'PASIVO  ', NULL, NULL, NULL, NULL),
	(380, 2, 'Balance', 1, 'Primer Nivel', '1. Subvenciones, donacion. y legados recib.', 0, '132', 'PASIVO  ', NULL, NULL, NULL, NULL),
	(381, 2, 'Balance', 1, 'Primer Nivel', '2. Subv., donac. y legados pendiente cierre', 0, '840', 'PASIVO  ', NULL, NULL, NULL, NULL),
	(382, 2, 'Balance', 1, 'Primer Nivel', '2. Subv., donac. y legados pendiente cierre', 0, '841', 'PASIVO  ', NULL, NULL, NULL, NULL),
	(383, 2, 'Balance', 1, 'Primer Nivel', '2. Subv., donac. y legados pendiente cierre', 0, '842', 'PASIVO  ', NULL, NULL, NULL, NULL),
	(384, 2, 'Balance', 1, 'Primer Nivel', '2. Subv., donac. y legados pendiente cierre', 0, '940', 'PASIVO  ', NULL, NULL, NULL, NULL),
	(385, 2, 'Balance', 1, 'Primer Nivel', '2. Subv., donac. y legados pendiente cierre', 0, '941', 'PASIVO  ', NULL, NULL, NULL, NULL),
	(386, 2, 'Balance', 1, 'Primer Nivel', '2. Subv., donac. y legados pendiente cierre', 0, '942', 'PASIVO  ', NULL, NULL, NULL, NULL),
	(387, 2, 'Balance', 1, 'Primer Nivel', 'A-4) Patrimonio Neto pendiente ajustar NPGC', 0, '1391', 'PASIVO  ', NULL, NULL, NULL, NULL),
	(388, 2, 'Balance', 1, 'Primer Nivel', 'A-4) Patrimonio Neto pendiente ajustar NPGC', 0, '1392', 'PASIVO  ', NULL, NULL, NULL, NULL),
	(389, 2, 'Balance', 3, 'Tercer Nivel', 'B) PASIVO NO CORRIENTE', 2, 'PNC1', 'PASIVO  ', NULL, NULL, NULL, NULL),
	(390, 2, 'Balance', 3, 'Tercer Nivel', 'B) PASIVO NO CORRIENTE', 2, 'PNC2', 'PASIVO  ', NULL, NULL, NULL, NULL),
	(391, 2, 'Balance', 3, 'Tercer Nivel', 'B) PASIVO NO CORRIENTE', 2, 'PNC3', 'PASIVO  ', NULL, NULL, NULL, NULL),
	(392, 2, 'Balance', 3, 'Tercer Nivel', 'B) PASIVO NO CORRIENTE', 2, 'PNC4', 'PASIVO  ', NULL, NULL, NULL, NULL),
	(393, 2, 'Balance', 3, 'Tercer Nivel', 'B) PASIVO NO CORRIENTE', 2, 'PNC5', 'PASIVO  ', NULL, NULL, NULL, NULL),
	(394, 2, 'Balance', 3, 'Tercer Nivel', 'B) PASIVO NO CORRIENTE', 2, 'PNC6', 'PASIVO  ', NULL, NULL, NULL, NULL),
	(395, 2, 'Balance', 3, 'Tercer Nivel', 'B) PASIVO NO CORRIENTE', 2, 'PNC7', 'PASIVO  ', NULL, NULL, NULL, NULL),
	(396, 2, 'Balance', 3, 'Tercer Nivel', 'B) PASIVO NO CORRIENTE', 2, 'PNC8', 'PASIVO  ', NULL, NULL, NULL, NULL),
	(397, 2, 'Balance', 1, 'Primer Nivel', 'I. Provisiones a L/P', 0, '14', 'PASIVO  ', NULL, NULL, NULL, NULL),
	(398, 2, 'Balance', 2, 'Segundo Nivel', 'II. Deudas a L/P', 1, 'PNC21', 'PASIVO  ', NULL, NULL, NULL, NULL),
	(399, 2, 'Balance', 2, 'Segundo Nivel', 'II. Deudas a L/P', 1, 'PNC22', 'PASIVO  ', NULL, NULL, NULL, NULL),
	(400, 2, 'Balance', 2, 'Segundo Nivel', 'II. Deudas a L/P', 1, 'PNC23', 'PASIVO  ', NULL, NULL, NULL, NULL),
	(401, 2, 'Balance', 1, 'Primer Nivel', '1. Deudas con entidades de crédito', 0, '1605', 'PASIVO', NULL, NULL, NULL, NULL),
	(402, 2, 'Balance', 1, 'Primer Nivel', '1. Deudas con entidades de crédito', 0, '170', 'PASIVO', NULL, NULL, NULL, NULL),
	(403, 2, 'Balance', 1, 'Primer Nivel', '2. Acreedores por arrendamiento financiero', 0, '1625', 'PASIVO', NULL, NULL, NULL, NULL),
	(404, 2, 'Balance', 1, 'Primer Nivel', '2. Acreedores por arrendamiento financiero', 0, '174', 'PASIVO', NULL, NULL, NULL, NULL),
	(405, 2, 'Balance', 1, 'Primer Nivel', '3. Otras deudas a L/P', 0, '1615', 'PASIVO', NULL, NULL, NULL, NULL),
	(406, 2, 'Balance', 1, 'Primer Nivel', '3. Otras deudas a L/P', 0, '1635', 'PASIVO', NULL, NULL, NULL, NULL),
	(407, 2, 'Balance', 1, 'Primer Nivel', '3. Otras deudas a L/P', 0, '171', 'PASIVO', NULL, NULL, NULL, NULL),
	(408, 2, 'Balance', 1, 'Primer Nivel', '3. Otras deudas a L/P', 0, '172', 'PASIVO', NULL, NULL, NULL, NULL),
	(409, 2, 'Balance', 1, 'Primer Nivel', '3. Otras deudas a L/P', 0, '173', 'PASIVO', NULL, NULL, NULL, NULL),
	(410, 2, 'Balance', 1, 'Primer Nivel', '3. Otras deudas a L/P', 0, '175', 'PASIVO', NULL, NULL, NULL, NULL),
	(411, 2, 'Balance', 1, 'Primer Nivel', '3. Otras deudas a L/P', 0, '176', 'PASIVO', NULL, NULL, NULL, NULL),
	(412, 2, 'Balance', 1, 'Primer Nivel', '3. Otras deudas a L/P', 0, '177', 'PASIVO', NULL, NULL, NULL, NULL),
	(413, 2, 'Balance', 1, 'Primer Nivel', '3. Otras deudas a L/P', 0, '178', 'PASIVO', NULL, NULL, NULL, NULL),
	(414, 2, 'Balance', 1, 'Primer Nivel', '3. Otras deudas a L/P', 0, '179', 'PASIVO', NULL, NULL, NULL, NULL),
	(415, 2, 'Balance', 1, 'Primer Nivel', '3. Otras deudas a L/P', 0, '180', 'PASIVO', NULL, NULL, NULL, NULL),
	(416, 2, 'Balance', 1, 'Primer Nivel', '3. Otras deudas a L/P', 0, '185', 'PASIVO', NULL, NULL, NULL, NULL),
	(417, 2, 'Balance', 1, 'Primer Nivel', '3. Otras deudas a L/P', 0, '189', 'PASIVO', NULL, NULL, NULL, NULL),
	(418, 2, 'Balance', 1, 'Primer Nivel', 'III. Deudas empresas grupo y asociadas a L/P', 0, '1603', 'PASIVO', NULL, NULL, NULL, NULL),
	(419, 2, 'Balance', 1, 'Primer Nivel', 'III. Deudas empresas grupo y asociadas a L/P', 0, '1604', 'PASIVO', NULL, NULL, NULL, NULL),
	(420, 2, 'Balance', 1, 'Primer Nivel', 'III. Deudas empresas grupo y asociadas a L/P', 0, '1613', 'PASIVO', NULL, NULL, NULL, NULL),
	(421, 2, 'Balance', 1, 'Primer Nivel', 'III. Deudas empresas grupo y asociadas a L/P', 0, '1614', 'PASIVO', NULL, NULL, NULL, NULL),
	(422, 2, 'Balance', 1, 'Primer Nivel', 'III. Deudas empresas grupo y asociadas a L/P', 0, '1623', 'PASIVO', NULL, NULL, NULL, NULL),
	(423, 2, 'Balance', 1, 'Primer Nivel', 'III. Deudas empresas grupo y asociadas a L/P', 0, '1624', 'PASIVO', NULL, NULL, NULL, NULL),
	(424, 2, 'Balance', 1, 'Primer Nivel', 'III. Deudas empresas grupo y asociadas a L/P', 0, '1633', 'PASIVO', NULL, NULL, NULL, NULL),
	(425, 2, 'Balance', 1, 'Primer Nivel', 'III. Deudas empresas grupo y asociadas a L/P', 0, '1634', 'PASIVO', NULL, NULL, NULL, NULL),
	(426, 2, 'Balance', 1, 'Primer Nivel', 'IV. Pasivos por impuesto diferido', 0, '479', 'PASIVO  ', NULL, NULL, NULL, NULL),
	(427, 2, 'Balance', 1, 'Primer Nivel', 'V. Periodificaciones a L/P', 0, '181', 'PASIVO', NULL, NULL, NULL, NULL),
	(428, 2, 'Balance', 1, 'Primer Nivel', 'VI. Acreedores comerciales no corrientes', 0, '0', 'PASIVO', NULL, NULL, NULL, NULL),
	(429, 2, 'Balance', 1, 'Primer Nivel', 'VII. Deuda caract. especiales a L/P', 0, '15', 'PASIVO', NULL, NULL, NULL, NULL),
	(430, 2, 'Balance', 1, 'Primer Nivel', 'VII. Deuda caract. especiales a L/P', 0, '5585', 'PASIVO', NULL, NULL, NULL, NULL),
	(431, 2, 'Balance', 1, 'Primer Nivel', 'VIII. Pasivo no Corriente pdte. ajustes NPGC', 0, '1393', 'PASIVO  ', NULL, NULL, NULL, NULL),
	(432, 2, 'Balance', 1, 'Primer Nivel', 'VIII. Pasivo no Corriente pdte. ajustes NPGC', 0, '1394', 'PASIVO  ', NULL, NULL, NULL, NULL),
	(433, 2, 'Balance', 1, 'Primer Nivel', 'VIII. Pasivo no Corriente pdte. ajustes NPGC', 0, '1395', 'PASIVO  ', NULL, NULL, NULL, NULL),
	(434, 2, 'Balance', 4, 'Cuarto Nivel', 'C) PASIVO CORRIENTE', 3, 'PC1', 'PASIVO  ', NULL, NULL, NULL, NULL),
	(435, 2, 'Balance', 4, 'Cuarto Nivel', 'C) PASIVO CORRIENTE', 3, 'PC2', 'PASIVO  ', NULL, NULL, NULL, NULL),
	(436, 2, 'Balance', 4, 'Cuarto Nivel', 'C) PASIVO CORRIENTE', 3, 'PC3', 'PASIVO  ', NULL, NULL, NULL, NULL),
	(437, 2, 'Balance', 4, 'Cuarto Nivel', 'C) PASIVO CORRIENTE', 3, 'PC4', 'PASIVO  ', NULL, NULL, NULL, NULL),
	(438, 2, 'Balance', 4, 'Cuarto Nivel', 'C) PASIVO CORRIENTE', 3, 'PC5', 'PASIVO  ', NULL, NULL, NULL, NULL),
	(439, 2, 'Balance', 4, 'Cuarto Nivel', 'C) PASIVO CORRIENTE', 3, 'PC6', 'PASIVO  ', NULL, NULL, NULL, NULL),
	(440, 2, 'Balance', 4, 'Cuarto Nivel', 'C) PASIVO CORRIENTE', 3, 'PC7', 'PASIVO  ', NULL, NULL, NULL, NULL),
	(441, 2, 'Balance', 4, 'Cuarto Nivel', 'C) PASIVO CORRIENTE', 3, 'PC8', 'PASIVO  ', NULL, NULL, NULL, NULL),
	(442, 2, 'Balance', 1, 'Primer Nivel', 'I. Pasivos vinc. activos no ctes. mant. venta', 0, '585', 'PASIVO', NULL, NULL, NULL, NULL),
	(443, 2, 'Balance', 1, 'Primer Nivel', 'I. Pasivos vinc. activos no ctes. mant. venta', 0, '586', 'PASIVO', NULL, NULL, NULL, NULL),
	(444, 2, 'Balance', 1, 'Primer Nivel', 'I. Pasivos vinc. activos no ctes. mant. venta', 0, '587', 'PASIVO', NULL, NULL, NULL, NULL),
	(445, 2, 'Balance', 1, 'Primer Nivel', 'I. Pasivos vinc. activos no ctes. mant. venta', 0, '588', 'PASIVO', NULL, NULL, NULL, NULL),
	(446, 2, 'Balance', 1, 'Primer Nivel', 'I. Pasivos vinc. activos no ctes. mant. venta', 0, '589', 'PASIVO', NULL, NULL, NULL, NULL),
	(447, 2, 'Balance', 1, 'Primer Nivel', 'II. Provisiones a C/P', 0, '499', 'PASIVO  ', NULL, NULL, NULL, NULL),
	(448, 2, 'Balance', 1, 'Primer Nivel', 'II. Provisiones a C/P', 0, '529', 'PASIVO  ', NULL, NULL, NULL, NULL),
	(449, 2, 'Balance', 2, 'Segundo Nivel', 'III. Deudas a C/P', 1, 'PC31', 'PASIVO  ', NULL, NULL, NULL, NULL),
	(450, 2, 'Balance', 2, 'Segundo Nivel', 'III. Deudas a C/P', 1, 'PC32', 'PASIVO  ', NULL, NULL, NULL, NULL),
	(451, 2, 'Balance', 2, 'Segundo Nivel', 'III. Deudas a C/P', 1, 'PC33', 'PASIVO  ', NULL, NULL, NULL, NULL),
	(452, 2, 'Balance', 1, 'Primer Nivel', '1. Deudas con entidades de crédito', 0, '5105', 'PASIVO  ', NULL, NULL, NULL, NULL),
	(453, 2, 'Balance', 1, 'Primer Nivel', '1. Deudas con entidades de crédito', 0, '520', 'PASIVO  ', NULL, NULL, NULL, NULL),
	(454, 2, 'Balance', 1, 'Primer Nivel', '1. Deudas con entidades de crédito', 0, '527', 'PASIVO  ', NULL, NULL, NULL, NULL),
	(455, 2, 'Balance', 1, 'Primer Nivel', '2. Acreedores por arrendamiento financiero', 0, '5125', 'PASIVO', NULL, NULL, NULL, NULL),
	(456, 2, 'Balance', 1, 'Primer Nivel', '2. Acreedores por arrendamiento financiero', 0, '524', 'PASIVO', NULL, NULL, NULL, NULL),
	(457, 2, 'Balance', 1, 'Primer Nivel', '3. Otras deudas a C/P', 0, '1034', 'PASIVO  ', NULL, NULL, NULL, NULL),
	(458, 2, 'Balance', 1, 'Primer Nivel', '3. Otras deudas a C/P', 0, '1044', 'PASIVO  ', NULL, NULL, NULL, NULL),
	(459, 2, 'Balance', 1, 'Primer Nivel', '3. Otras deudas a C/P', 0, '190', 'PASIVO  ', NULL, NULL, NULL, NULL),
	(460, 2, 'Balance', 1, 'Primer Nivel', '3. Otras deudas a C/P', 0, '192', 'PASIVO  ', NULL, NULL, NULL, NULL),
	(461, 2, 'Balance', 1, 'Primer Nivel', '3. Otras deudas a C/P', 0, '194', 'PASIVO  ', NULL, NULL, NULL, NULL),
	(462, 2, 'Balance', 1, 'Primer Nivel', '3. Otras deudas a C/P', 0, '500', 'PASIVO  ', NULL, NULL, NULL, NULL),
	(463, 2, 'Balance', 1, 'Primer Nivel', '3. Otras deudas a C/P', 0, '501', 'PASIVO  ', NULL, NULL, NULL, NULL),
	(464, 2, 'Balance', 1, 'Primer Nivel', '3. Otras deudas a C/P', 0, '505', 'PASIVO  ', NULL, NULL, NULL, NULL),
	(465, 2, 'Balance', 1, 'Primer Nivel', '3. Otras deudas a C/P', 0, '506', 'PASIVO  ', NULL, NULL, NULL, NULL),
	(466, 2, 'Balance', 1, 'Primer Nivel', '3. Otras deudas a C/P', 0, '509', 'PASIVO  ', NULL, NULL, NULL, NULL),
	(467, 2, 'Balance', 1, 'Primer Nivel', '3. Otras deudas a C/P', 0, '5115', 'PASIVO  ', NULL, NULL, NULL, NULL),
	(468, 2, 'Balance', 1, 'Primer Nivel', '3. Otras deudas a C/P', 0, '5135', 'PASIVO  ', NULL, NULL, NULL, NULL),
	(469, 2, 'Balance', 1, 'Primer Nivel', '3. Otras deudas a C/P', 0, '5145', 'PASIVO  ', NULL, NULL, NULL, NULL),
	(470, 2, 'Balance', 1, 'Primer Nivel', '3. Otras deudas a C/P', 0, '521', 'PASIVO  ', NULL, NULL, NULL, NULL),
	(471, 2, 'Balance', 1, 'Primer Nivel', '3. Otras deudas a C/P', 0, '522', 'PASIVO  ', NULL, NULL, NULL, NULL),
	(472, 2, 'Balance', 1, 'Primer Nivel', '3. Otras deudas a C/P', 0, '523', 'PASIVO  ', NULL, NULL, NULL, NULL),
	(473, 2, 'Balance', 1, 'Primer Nivel', '3. Otras deudas a C/P', 0, '525', 'PASIVO  ', NULL, NULL, NULL, NULL),
	(474, 2, 'Balance', 1, 'Primer Nivel', '3. Otras deudas a C/P', 0, '526', 'PASIVO  ', NULL, NULL, NULL, NULL),
	(475, 2, 'Balance', 1, 'Primer Nivel', '3. Otras deudas a C/P', 0, '528', 'PASIVO  ', NULL, NULL, NULL, NULL),
	(476, 2, 'Balance', 1, 'Primer Nivel', '3. Otras deudas a C/P', 0, '550', 'PASIVO  ', NULL, NULL, NULL, NULL),
	(477, 2, 'Balance', 1, 'Primer Nivel', '3. Otras deudas a C/P', 0, '551', 'PASIVO  ', NULL, NULL, NULL, NULL),
	(478, 2, 'Balance', 1, 'Primer Nivel', '3. Otras deudas a C/P', 0, '5525', 'PASIVO  ', NULL, NULL, NULL, NULL),
	(479, 2, 'Balance', 1, 'Primer Nivel', '3. Otras deudas a C/P', 0, '5530', 'PASIVO  ', NULL, NULL, NULL, NULL),
	(480, 2, 'Balance', 1, 'Primer Nivel', '3. Otras deudas a C/P', 0, '5532', 'PASIVO  ', NULL, NULL, NULL, NULL),
	(481, 2, 'Balance', 1, 'Primer Nivel', '3. Otras deudas a C/P', 0, '554', 'PASIVO  ', NULL, NULL, NULL, NULL),
	(482, 2, 'Balance', 1, 'Primer Nivel', '3. Otras deudas a C/P', 0, '555', 'PASIVO  ', NULL, NULL, NULL, NULL),
	(483, 2, 'Balance', 1, 'Primer Nivel', '3. Otras deudas a C/P', 0, '5565', 'PASIVO  ', NULL, NULL, NULL, NULL),
	(484, 2, 'Balance', 1, 'Primer Nivel', '3. Otras deudas a C/P', 0, '5566', 'PASIVO  ', NULL, NULL, NULL, NULL),
	(485, 2, 'Balance', 1, 'Primer Nivel', '3. Otras deudas a C/P', 0, '5595', 'PASIVO  ', NULL, NULL, NULL, NULL),
	(486, 2, 'Balance', 1, 'Primer Nivel', '3. Otras deudas a C/P', 0, '5598', 'PASIVO  ', NULL, NULL, NULL, NULL),
	(487, 2, 'Balance', 1, 'Primer Nivel', '3. Otras deudas a C/P', 0, '560', 'PASIVO  ', NULL, NULL, NULL, NULL),
	(488, 2, 'Balance', 1, 'Primer Nivel', '3. Otras deudas a C/P', 0, '561', 'PASIVO  ', NULL, NULL, NULL, NULL),
	(489, 2, 'Balance', 1, 'Primer Nivel', '3. Otras deudas a C/P', 0, '569', 'PASIVO  ', NULL, NULL, NULL, NULL),
	(490, 2, 'Balance', 1, 'Primer Nivel', 'IV. Deudas con emp. grupo y asociadas a C/P', 0, '5103', 'PASIVO  ', NULL, NULL, NULL, NULL),
	(491, 2, 'Balance', 1, 'Primer Nivel', 'IV. Deudas con emp. grupo y asociadas a C/P', 0, '5104', 'PASIVO  ', NULL, NULL, NULL, NULL),
	(492, 2, 'Balance', 1, 'Primer Nivel', 'IV. Deudas con emp. grupo y asociadas a C/P', 0, '5113', 'PASIVO  ', NULL, NULL, NULL, NULL),
	(493, 2, 'Balance', 1, 'Primer Nivel', 'IV. Deudas con emp. grupo y asociadas a C/P', 0, '5114', 'PASIVO  ', NULL, NULL, NULL, NULL),
	(494, 2, 'Balance', 1, 'Primer Nivel', 'IV. Deudas con emp. grupo y asociadas a C/P', 0, '5123', 'PASIVO  ', NULL, NULL, NULL, NULL),
	(495, 2, 'Balance', 1, 'Primer Nivel', 'IV. Deudas con emp. grupo y asociadas a C/P', 0, '5124', 'PASIVO  ', NULL, NULL, NULL, NULL),
	(496, 2, 'Balance', 1, 'Primer Nivel', 'IV. Deudas con emp. grupo y asociadas a C/P', 0, '5133', 'PASIVO  ', NULL, NULL, NULL, NULL),
	(497, 2, 'Balance', 1, 'Primer Nivel', 'IV. Deudas con emp. grupo y asociadas a C/P', 0, '5134', 'PASIVO  ', NULL, NULL, NULL, NULL),
	(498, 2, 'Balance', 1, 'Primer Nivel', 'IV. Deudas con emp. grupo y asociadas a C/P', 0, '5143', 'PASIVO  ', NULL, NULL, NULL, NULL),
	(499, 2, 'Balance', 1, 'Primer Nivel', 'IV. Deudas con emp. grupo y asociadas a C/P', 0, '5144', 'PASIVO  ', NULL, NULL, NULL, NULL),
	(500, 2, 'Balance', 1, 'Primer Nivel', 'IV. Deudas con emp. grupo y asociadas a C/P', 0, '5523', 'PASIVO  ', NULL, NULL, NULL, NULL),
	(501, 2, 'Balance', 1, 'Primer Nivel', 'IV. Deudas con emp. grupo y asociadas a C/P', 0, '5524', 'PASIVO  ', NULL, NULL, NULL, NULL),
	(502, 2, 'Balance', 1, 'Primer Nivel', 'IV. Deudas con emp. grupo y asociadas a C/P', 0, '5563', 'PASIVO  ', NULL, NULL, NULL, NULL),
	(503, 2, 'Balance', 1, 'Primer Nivel', 'IV. Deudas con emp. grupo y asociadas a C/P', 0, '5564', 'PASIVO  ', NULL, NULL, NULL, NULL),
	(504, 2, 'Balance', 3, 'Tercer Nivel', 'V. Acreedores ciales. y otras ctas. a pagar', 2, 'PC51', 'PASIVO  ', NULL, NULL, NULL, NULL),
	(505, 2, 'Balance', 3, 'Tercer Nivel', 'V. Acreedores ciales. y otras ctas. a pagar', 2, 'PC52', 'PASIVO  ', NULL, NULL, NULL, NULL),
	(506, 2, 'Balance', 2, 'Segundo Nivel', '1. Proveedores', 1, 'PC51a', 'PASIVO  ', NULL, NULL, NULL, NULL),
	(507, 2, 'Balance', 2, 'Segundo Nivel', '1. Proveedores', 1, 'PC51b', 'PASIVO  ', NULL, NULL, NULL, NULL),
	(508, 2, 'Balance', 1, 'Primer Nivel', 'a) Proveedores a L/P', 0, '0', 'PASIVO', NULL, NULL, NULL, NULL),
	(509, 2, 'Balance', 1, 'Primer Nivel', 'b) Proveedores a C/P', 0, '400', 'PASIVO', NULL, NULL, NULL, NULL),
	(510, 2, 'Balance', 1, 'Primer Nivel', 'b) Proveedores a C/P', 0, '401', 'PASIVO', NULL, NULL, NULL, NULL),
	(511, 2, 'Balance', 1, 'Primer Nivel', 'b) Proveedores a C/P', 0, '403', 'PASIVO', NULL, NULL, NULL, NULL),
	(512, 2, 'Balance', 1, 'Primer Nivel', 'b) Proveedores a C/P', 0, '404', 'PASIVO', NULL, NULL, NULL, NULL),
	(513, 2, 'Balance', 1, 'Primer Nivel', 'b) Proveedores a C/P', 0, '405', 'PASIVO', NULL, NULL, NULL, NULL),
	(514, 2, 'Balance', 1, 'Primer Nivel', 'b) Proveedores a C/P', 0, '406', 'PASIVO', NULL, NULL, NULL, NULL),
	(515, 2, 'Balance', 1, 'Primer Nivel', '2. Otros acreedores', 0, '41', 'PASIVO  ', NULL, NULL, NULL, NULL),
	(516, 2, 'Balance', 1, 'Primer Nivel', '2. Otros acreedores', 0, '438', 'PASIVO  ', NULL, NULL, NULL, NULL),
	(517, 2, 'Balance', 1, 'Primer Nivel', '2. Otros acreedores', 0, '465', 'PASIVO  ', NULL, NULL, NULL, NULL),
	(518, 2, 'Balance', 1, 'Primer Nivel', '2. Otros acreedores', 0, '466', 'PASIVO  ', NULL, NULL, NULL, NULL),
	(519, 2, 'Balance', 1, 'Primer Nivel', '2. Otros acreedores', 0, '475', 'PASIVO  ', NULL, NULL, NULL, NULL),
	(520, 2, 'Balance', 1, 'Primer Nivel', '2. Otros acreedores', 0, '476', 'PASIVO  ', NULL, NULL, NULL, NULL),
	(521, 2, 'Balance', 1, 'Primer Nivel', '2. Otros acreedores', 0, '477', 'PASIVO  ', NULL, NULL, NULL, NULL),
	(522, 2, 'Balance', 1, 'Primer Nivel', 'VI. Periodificaciones a C/P', 0, '485', 'PASIVO  ', NULL, NULL, NULL, NULL),
	(523, 2, 'Balance', 1, 'Primer Nivel', 'VI. Periodificaciones a C/P', 0, '568', 'PASIVO  ', NULL, NULL, NULL, NULL),
	(524, 2, 'Balance', 1, 'Primer Nivel', 'VII. Deuda caract. especiales a C/P', 0, '195', 'PASIVO', NULL, NULL, NULL, NULL),
	(525, 2, 'Balance', 1, 'Primer Nivel', 'VII. Deuda caract. especiales a C/P', 0, '197', 'PASIVO', NULL, NULL, NULL, NULL),
	(526, 2, 'Balance', 1, 'Primer Nivel', 'VII. Deuda caract. especiales a C/P', 0, '199', 'PASIVO', NULL, NULL, NULL, NULL),
	(527, 2, 'Balance', 1, 'Primer Nivel', 'VII. Deuda caract. especiales a C/P', 0, '502', 'PASIVO', NULL, NULL, NULL, NULL),
	(528, 2, 'Balance', 1, 'Primer Nivel', 'VII. Deuda caract. especiales a C/P', 0, '507', 'PASIVO', NULL, NULL, NULL, NULL),
	(529, 2, 'Balance', 1, 'Primer Nivel', 'VIII. Pasivo Corriente pendiente ajustes NPGC', 0, '270', 'PASIVO  ', NULL, NULL, NULL, NULL),
	(530, 2, 'Balance', 1, 'Primer Nivel', 'VIII. Pasivo Corriente pendiente ajustes NPGC', 0, '271', 'PASIVO  ', NULL, NULL, NULL, NULL),
	(531, 2, 'Balance', 1, 'Primer Nivel', 'VIII. Pasivo Corriente pendiente ajustes NPGC', 0, '272', 'PASIVO  ', NULL, NULL, NULL, NULL),
	(532, 2, 'Balance', 1, 'Primer Nivel', 'VIII. Pasivo Corriente pendiente ajustes NPGC', 0, '275', 'PASIVO  ', NULL, NULL, NULL, NULL),
	(533, 2, 'Balance', 1, 'Primer Nivel', 'VIII. Pasivo Corriente pendiente ajustes NPGC', 0, '276', 'PASIVO  ', NULL, NULL, NULL, NULL),
	(534, 2, 'Balance', 1, 'Primer Nivel', 'VIII. Pasivo Corriente pendiente ajustes NPGC', 0, '277', 'PASIVO  ', NULL, NULL, NULL, NULL),
	(535, 2, 'Balance', 1, 'Primer Nivel', 'VIII. Pasivo Corriente pendiente ajustes NPGC', 0, '279', 'PASIVO  ', NULL, NULL, NULL, NULL),
	(536, 2, 'Balance', 1, 'Primer Nivel', 'VIII. Pasivo Corriente pendiente ajustes NPGC', 0, '289', 'PASIVO  ', NULL, NULL, NULL, NULL),
	(537, 2, 'Balance', 5, 'Quinto Nivel', 'TOTAL PATRIMONIO NETO Y PASIVO (A+B+C)', 4, 'PC', 'PASIVO  ', NULL, NULL, NULL, NULL),
	(538, 2, 'Balance', 5, 'Quinto Nivel', 'TOTAL PATRIMONIO NETO Y PASIVO (A+B+C)', 4, 'PN', 'PASIVO  ', NULL, NULL, NULL, NULL),
	(539, 2, 'Balance', 5, 'Quinto Nivel', 'TOTAL PATRIMONIO NETO Y PASIVO (A+B+C)', 4, 'PNC', 'PASIVO  ', NULL, NULL, NULL, NULL),
	(540, 3, 'Balance', 1, 'Prueba', 'Manuel', 1, '70', 'PASIVO', NULL, NULL, NULL, NULL),
	(541, NULL, 'PYG_', 1, 'Primer Nivel', 'Compras de mercaderías', 1, '600', 'ACTIVO', '6. Aprovisionamientos', NULL, '6', NULL),
	(542, NULL, 'PYG_', 1, 'Primer Nivel', 'Compras de mercaderías', 1, '600', 'ACTIVO', '4. Aprovisionamientos', NULL, '4', NULL),
	(543, NULL, 'PYG_', 1, 'Primer Nivel', 'Compras de materias primas', 1, '601', 'ACTIVO', '4. Aprovisionamientos', NULL, '4', NULL),
	(544, NULL, 'PYG_', 1, 'Primer Nivel', 'Compras de otros aprovisionamientos', 1, '602', 'ACTIVO', '4. Aprovisionamientos', NULL, '4', NULL),
	(545, NULL, 'PYG_', 1, 'Primer Nivel', 'Descuentos sobre compras por pronto pago', 1, '606', 'ACTIVO', '4. Aprovisionamientos', NULL, '4', NULL),
	(546, NULL, 'PYG_', 1, 'Primer Nivel', 'Trabajos realizados por otras empresas', 1, '607', 'ACTIVO', '4. Aprovisionamientos', NULL, '4', NULL),
	(547, NULL, 'PYG_', 1, 'Primer Nivel', 'Devoluciones de compras y operaciones similares', 1, '608', 'ACTIVO', '4. Aprovisionamientos', NULL, '4', NULL),
	(548, NULL, 'PYG_', 1, 'Primer Nivel', '"Rappels" por compras', 1, '609', 'ACTIVO', '4. Aprovisionamientos', NULL, '4', NULL),
	(549, NULL, 'PYG_', 1, 'Primer Nivel', 'Variación de existencias de mercaderías', 1, '610', 'ACTIVO', '4. Aprovisionamientos', NULL, '4', NULL),
	(550, NULL, 'PYG_', 1, 'Primer Nivel', 'Variación de existencias de materias primas', 1, '611', 'ACTIVO', '4. Aprovisionamientos', NULL, '4', NULL),
	(551, NULL, 'PYG_', 1, 'Primer Nivel', 'Variación de existencias otros aprovisionamientos', 1, '612', 'ACTIVO', '4. Aprovisionamientos', NULL, '4', NULL),
	(552, NULL, 'PYG_', 1, 'Primer Nivel', 'Gastos en investigación y desarrollo del ejercicio', 1, '620', 'ACTIVO', '7. Otros gastos de explotación', NULL, '7', NULL),
	(553, NULL, 'PYG_', 1, 'Primer Nivel', 'Arrendamientos y cánones', 1, '621', 'ACTIVO', '7. Otros gastos de explotación', NULL, '7', NULL),
	(554, NULL, 'PYG_', 1, 'Primer Nivel', 'Reparaciones y conservación', 1, '622', 'ACTIVO', '7. Otros gastos de explotación', NULL, '7', NULL),
	(555, NULL, 'PYG_', 1, 'Primer Nivel', 'Servicios de profesionales independientes', 1, '623', 'ACTIVO', '7. Otros gastos de explotación', NULL, '7', NULL),
	(556, NULL, 'PYG_', 1, 'Primer Nivel', 'Transportes', 1, '624', 'ACTIVO', '7. Otros gastos de explotación', NULL, '7', NULL),
	(557, NULL, 'PYG_', 1, 'Primer Nivel', 'Primas de seguros', 1, '625', 'ACTIVO', '7. Otros gastos de explotación', NULL, '7', NULL),
	(558, NULL, 'PYG_', 1, 'Primer Nivel', 'Servicios bancarios y similares', 1, '626', 'ACTIVO', '7. Otros gastos de explotación', NULL, '7', NULL),
	(559, NULL, 'PYG_', 1, 'Primer Nivel', 'Publicidad, propaganda y relaciones públicas', 1, '627', 'ACTIVO', '7. Otros gastos de explotación', NULL, '7', NULL),
	(560, NULL, 'PYG_', 1, 'Primer Nivel', 'Suministros', 1, '628', 'ACTIVO', '7. Otros gastos de explotación', NULL, '7', NULL),
	(561, NULL, 'PYG_', 1, 'Primer Nivel', 'Otros servicios', 1, '629', 'ACTIVO', '7. Otros gastos de explotación', NULL, '7', NULL),
	(562, NULL, 'PYG_', 1, 'Primer Nivel', 'Impuesto sobre beneficios', 1, '630', 'ACTIVO', '20. Impuestos sobre beneficios', NULL, '20', NULL),
	(563, NULL, 'PYG_', 1, 'Primer Nivel', 'Otros tributos', 1, '631', 'ACTIVO', '7. Otros gastos de explotación', NULL, '7', NULL),
	(564, NULL, 'PYG_', 1, 'Primer Nivel', 'Ajustes negativos en la imposición sobre beneficio', 1, '633', 'ACTIVO', '7. Otros gastos de explotación', NULL, '7', NULL),
	(565, NULL, 'PYG_', 1, 'Primer Nivel', 'Ajustes negativos en la imposición indirecta', 1, '634', 'ACTIVO', '7. Otros gastos de explotación', NULL, '7', NULL),
	(566, NULL, 'PYG_', 1, 'Primer Nivel', 'Devolución de impuestos', 1, '636', 'ACTIVO', '7. Otros gastos de explotación', NULL, '7', NULL),
	(567, NULL, 'PYG_', 1, 'Primer Nivel', 'Ajustes positivos en la imposición sobre beneficio', 1, '638', 'ACTIVO', '7. Otros gastos de explotación', NULL, '7', NULL),
	(568, NULL, 'PYG_', 1, 'Primer Nivel', 'Ajustes positivos en la imposición indirecta', 1, '639', 'ACTIVO', '7. Otros gastos de explotación', NULL, '7', NULL),
	(569, NULL, 'PYG_', 1, 'Primer Nivel', 'Sueldos y salarios', 1, '640', 'ACTIVO', '6. Gastos de personal', NULL, '6', NULL),
	(570, NULL, 'PYG_', 1, 'Primer Nivel', 'Indemnizaciones', 1, '641', 'ACTIVO', '6. Gastos de personal', NULL, '6', NULL),
	(571, NULL, 'PYG_', 1, 'Primer Nivel', 'Seguridad Social a cargo de la empresa', 1, '642', 'ACTIVO', '6. Gastos de personal', NULL, '6', NULL),
	(572, NULL, 'PYG_', 1, 'Primer Nivel', 'Retribuciones L/P mediante sist.aportación definid', 1, '643', 'ACTIVO', '6. Gastos de personal', NULL, '6', NULL),
	(573, NULL, 'PYG_', 1, 'Primer Nivel', 'Otros gastos sociales', 1, '649', 'ACTIVO', '6. Gastos de personal', NULL, '6', NULL),
	(574, NULL, 'PYG_', 1, 'Primer Nivel', 'Pérdidas de créditos comerciales incobrables', 1, '650', 'ACTIVO', '3. Gastos por ayudas y otros', NULL, '3', NULL),
	(575, NULL, 'PYG_', 1, 'Primer Nivel', 'Resultados de operaciones en común', 1, '651', 'ACTIVO', '3. Gastos por ayudas y otros', NULL, '3', NULL),
	(576, NULL, 'PYG_', 1, 'Primer Nivel', 'Otras pérdidas en gestión corriente', 1, '659', 'ACTIVO', '7. Otros gastos de explotación', NULL, '7', NULL),
	(577, NULL, 'PYG_', 1, 'Primer Nivel', 'Intereses de obligaciones y bonos', 1, '661', 'ACTIVO', '15. Gastos financieros', NULL, '15', NULL),
	(578, NULL, 'PYG_', 1, 'Primer Nivel', 'Intereses de deudas', 1, '662', 'ACTIVO', '15. Gastos financieros', NULL, '15', NULL),
	(579, NULL, 'PYG_', 1, 'Primer Nivel', 'Intereses por dto.efectos y operaciones"factoring"', 1, '665', 'ACTIVO', '15. Gastos financieros', NULL, '15', NULL),
	(580, NULL, 'PYG_', 1, 'Primer Nivel', 'Pérdidas en particip.y valores reprentativos deuda', 1, '666', 'ACTIVO', '18. Deterioro y rdo por enajen.de intrum.fin.', NULL, '18', NULL),
	(581, NULL, 'PYG_', 1, 'Primer Nivel', 'Pérdidas de créditos no comerciales', 1, '667', 'ACTIVO', '18. Deterioro y rdo por enajen.de intrum.fin.', NULL, '18', NULL),
	(582, NULL, 'PYG_', 1, 'Primer Nivel', 'Diferencias negativas de cambio', 1, '668', 'ACTIVO', '17. Diferencias de cambio', NULL, '17', NULL),
	(583, NULL, 'PYG_', 1, 'Primer Nivel', 'Otros gastos financieros', 1, '669', 'ACTIVO', '15. Gastos financieros', NULL, '15', NULL),
	(584, NULL, 'PYG_', 1, 'Primer Nivel', 'Pérdidas procedentes del inmovilizado intangible', 1, '670', 'ACTIVO', '11. Deterioro y rdo por enajen.del inmov.', NULL, '11', NULL),
	(585, NULL, 'PYG_', 1, 'Primer Nivel', 'Pérdidas procedentes del inmovilizado material', 1, '671', 'ACTIVO', '11. Deterioro y rdo por enajen.del inmov.', NULL, '11', NULL),
	(586, NULL, 'PYG_', 1, 'Primer Nivel', 'Pérdidas procedentes de participaciones L/P, grupo', 1, '673', 'ACTIVO', '18. Deterioro y rdo por enajen.de intrum.fin.', NULL, '18', NULL),
	(587, NULL, 'PYG_', 1, 'Primer Nivel', 'Pérdidas por operaciones con obligaciones propias', 1, '675', 'ACTIVO', '18. Deterioro y rdo por enajen.de intrum.fin.', NULL, '18', NULL),
	(588, NULL, 'PYG_', 1, 'Primer Nivel', 'Gastos excepcionales', 1, '678', 'ACTIVO', '13. Otros resultados', NULL, '13', NULL),
	(589, NULL, 'PYG_', 1, 'Primer Nivel', 'Amortización del inmovilizado intangible', 1, '680', 'ACTIVO', '8. Amortización del inmovilizado', NULL, '8', NULL),
	(590, NULL, 'PYG_', 1, 'Primer Nivel', 'Amortización del inmovilizado material', 1, '681', 'ACTIVO', '8. Amortización del inmovilizado', NULL, '8', NULL),
	(591, NULL, 'PYG_', 1, 'Primer Nivel', 'Pérdidas por deterioro del inmovilizado intangible', 1, '690', 'ACTIVO', '11. Deterioro y rdo por enajen.del inmov.', NULL, '11', NULL),
	(592, NULL, 'PYG_', 1, 'Primer Nivel', 'Pérdidas por deterioro del inmovilizado material', 1, '691', 'ACTIVO', '11. Deterioro y rdo por enajen.del inmov.', NULL, '11', NULL),
	(593, NULL, 'PYG_', 1, 'Primer Nivel', 'Pérdidas por deterioro de existencias', 1, '693', 'ACTIVO', '2. Variac.existenc.prod.termin.y en curso fab', NULL, '2', NULL),
	(594, NULL, 'PYG_', 1, 'Primer Nivel', 'Pérdidas por deterioro créditos operaciones ccial', 1, '694', 'ACTIVO', '7. Otros gastos de explotación', NULL, '7', NULL),
	(595, NULL, 'PYG_', 1, 'Primer Nivel', 'Dotación a la provisión por operaciones cciales', 1, '695', 'ACTIVO', '7. Otros gastos de explotación', NULL, '7', NULL),
	(596, NULL, 'PYG_', 1, 'Primer Nivel', 'Pérd.deterioro particip.y valores repres.deuda L/P', 1, '696', 'ACTIVO', '18. Deterioro y rdo por enajen.de intrum.fin.', NULL, '18', NULL),
	(597, NULL, 'PYG_', 1, 'Primer Nivel', 'Pérdidas por deterioro de créditos a L/P', 1, '697', 'ACTIVO', '18. Deterioro y rdo por enajen.de intrum.fin.', NULL, '18', NULL),
	(598, NULL, 'PYG_', 1, 'Primer Nivel', 'Pérd. deterioro particip. y val. repre.deuda a C/P', 1, '698', 'ACTIVO', '18. Deterioro y rdo por enajen.de intrum.fin.', NULL, '18', NULL),
	(599, NULL, 'PYG_', 1, 'Primer Nivel', 'Pérdidas por deterioro de créditos a C/P', 1, '699', 'ACTIVO', '18. Deterioro y rdo por enajen.de intrum.fin.', NULL, '18', NULL),
	(600, NULL, 'PYG_', 1, 'Primer Nivel', 'Ventas de mercaderías', 1, '700', 'ACTIVO', '1. Importe neto cifra de negocios', NULL, '1', NULL),
	(601, NULL, 'PYG_', 1, 'Primer Nivel', 'Ventas de productos terminados', 1, '701', 'ACTIVO', '1. Importe neto cifra de negocios', NULL, '1', NULL),
	(602, NULL, 'PYG_', 1, 'Primer Nivel', 'Ventas de productos semiterminados', 1, '702', 'ACTIVO', '1. Importe neto cifra de negocios', NULL, '1', NULL),
	(603, NULL, 'PYG_', 1, 'Primer Nivel', 'Ventas de subproductos y residuos', 1, '703', 'ACTIVO', '1. Importe neto cifra de negocios', NULL, '1', NULL),
	(604, NULL, 'PYG_', 1, 'Primer Nivel', 'Ventas de envases y embalajes', 1, '704', 'ACTIVO', '1. Importe neto cifra de negocios', NULL, '1', NULL),
	(605, NULL, 'PYG_', 1, 'Primer Nivel', 'Prestaciones de servicios', 1, '705', 'ACTIVO', '1. Importe neto cifra de negocios', NULL, '1', NULL),
	(606, NULL, 'PYG_', 1, 'Primer Nivel', 'Descuentos sobre ventas por pronto pago', 1, '706', 'ACTIVO', '1. Importe neto cifra de negocios', NULL, '1', NULL),
	(607, NULL, 'PYG_', 1, 'Primer Nivel', 'Devoluciones de ventas y operaciones similares', 1, '708', 'ACTIVO', '1. Importe neto cifra de negocios', NULL, '1', NULL),
	(608, NULL, 'PYG_', 1, 'Primer Nivel', '"Rappels" sobre ventas', 1, '709', 'ACTIVO', '1. Importe neto cifra de negocios', NULL, '1', NULL),
	(609, NULL, 'PYG_', 1, 'Primer Nivel', 'Variación de existencias de productos en curso', 1, '710', 'ACTIVO', '2. Variac.existenc.prod.termin.y en curso fab', NULL, '2', NULL),
	(610, NULL, 'PYG_', 1, 'Primer Nivel', 'Variación existencias de productos semiterminados', 1, '711', 'ACTIVO', '2. Variac.existenc.prod.termin.y en curso fab', NULL, '2', NULL),
	(611, NULL, 'PYG_', 1, 'Primer Nivel', 'Variación de existencias de productos terminados', 1, '712', 'ACTIVO', '2. Variac.existenc.prod.termin.y en curso fab', NULL, '2', NULL),
	(612, NULL, 'PYG_', 1, 'Primer Nivel', 'Variación existencias,subprod,rediduos y mat.recup', 1, '713', 'ACTIVO', '2. Variac.existenc.prod.termin.y en curso fab', NULL, '2', NULL),
	(613, NULL, 'PYG_', 1, 'Primer Nivel', 'Trabajos realizados para inmovilizado intangible', 1, '730', 'ACTIVO', '3. Trab.realiz. por la empresa para su activo', NULL, '3', NULL),
	(614, NULL, 'PYG_', 1, 'Primer Nivel', 'Trabajos realizados para el inmovilizado material', 1, '731', 'ACTIVO', '3. Trab.realiz. por la empresa para su activo', NULL, '3', NULL),
	(615, NULL, 'PYG_', 1, 'Primer Nivel', 'Trabajos realizados para inmovilizado mat.en curso', 1, '733', 'ACTIVO', '3. Trab.realiz. por la empresa para su activo', NULL, '3', NULL),
	(616, NULL, 'PYG_', 1, 'Primer Nivel', 'subvenciones,donaciones y legados a la explotación', 1, '740', 'ACTIVO', '5. Otros ingresos de explotación', NULL, '5', NULL),
	(617, NULL, 'PYG_', 1, 'Primer Nivel', 'Subvenciones,donaciones,legados transfer.Rtdo.ejer', 1, '746', 'ACTIVO', '9, Imputación de subvenciones', NULL, '9', NULL),
	(618, NULL, 'PYG_', 1, 'Primer Nivel', 'Otras subvenciones,donac.y leg.transfer.a Rtdo.eje', 1, '747', 'ACTIVO', '5. Otros ingresos de explotación', NULL, '5', NULL),
	(619, NULL, 'PYG_', 1, 'Primer Nivel', 'Resultados de operaciones en común', 1, '751', 'ACTIVO', '5. Otros ingresos de explotación', NULL, '5', NULL),
	(620, NULL, 'PYG_', 1, 'Primer Nivel', 'Ingresos por arrendamientos', 1, '752', 'ACTIVO', '5. Otros ingresos de explotación', NULL, '5', NULL),
	(621, NULL, 'PYG_', 1, 'Primer Nivel', 'Ingresos propiedad industial cedida en explotación', 1, '753', 'ACTIVO', '5. Otros ingresos de explotación', NULL, '5', NULL),
	(622, NULL, 'PYG_', 1, 'Primer Nivel', 'Ingresos por comisiones', 1, '754', 'ACTIVO', '5. Otros ingresos de explotación', NULL, '5', NULL),
	(623, NULL, 'PYG_', 1, 'Primer Nivel', 'Ingresos por servicios al personal', 1, '755', 'ACTIVO', '5. Otros ingresos de explotación', NULL, '5', NULL),
	(624, NULL, 'PYG_', 1, 'Primer Nivel', 'Ingresos por servicios diversos', 1, '759', 'ACTIVO', '5. Otros ingresos de explotación', NULL, '5', NULL),
	(625, NULL, 'PYG_', 1, 'Primer Nivel', 'Ingresos participaciones instrumentos patrimonio', 1, '760', 'ACTIVO', '14. Ingresos financieros', NULL, '14', NULL),
	(626, NULL, 'PYG_', 1, 'Primer Nivel', 'Ingresos de valores representativos de deuda', 1, '761', 'ACTIVO', '14. Ingresos financieros', NULL, '14', NULL),
	(627, NULL, 'PYG_', 1, 'Primer Nivel', 'Ingresos de créditos', 1, '762', 'ACTIVO', '14. Ingresos financieros', NULL, '14', NULL),
	(628, NULL, 'PYG_', 1, 'Primer Nivel', 'Beneficios en participaciones valores repres.deuda', 1, '766', 'ACTIVO', '18. Deterioro y rdo por enajen.de intrum.fin.', NULL, '18', NULL),
	(629, NULL, 'PYG_', 1, 'Primer Nivel', 'Diferencias positivas de cambio', 1, '768', 'ACTIVO', '17. Diferencias de cambio', NULL, '17', NULL),
	(630, NULL, 'PYG_', 1, 'Primer Nivel', 'Otros ingresos financieros', 1, '769', 'ACTIVO', '14. Ingresos financieros', NULL, '14', NULL),
	(631, NULL, 'PYG_', 1, 'Primer Nivel', 'Beneficios procedentes del inmovilizado intangible', 1, '770', 'ACTIVO', '11. Deterioro y rdo por enajen.del inmov.', NULL, '11', NULL),
	(632, NULL, 'PYG_', 1, 'Primer Nivel', 'Beneficios procedentes del inmovilizado material', 1, '771', 'ACTIVO', '11. Deterioro y rdo por enajen.del inmov.', NULL, '11', NULL),
	(633, NULL, 'PYG_', 1, 'Primer Nivel', 'Beneficios operaciones con obligaciones propias', 1, '775', 'ACTIVO', '18. Deterioro y rdo por enajen.de intrum.fin.', NULL, '18', NULL),
	(634, NULL, 'PYG_', 1, 'Primer Nivel', 'Ingresos excepcionales', 1, '778', 'ACTIVO', '13. Otros resultados', NULL, '13', NULL),
	(635, NULL, 'PYG_', 1, 'Primer Nivel', 'Reversión del deterioro inmovilizado intangible', 1, '790', 'ACTIVO', '11. Deterioro y rdo por enajen.del inmov.', NULL, '11', NULL),
	(636, NULL, 'PYG_', 1, 'Primer Nivel', 'Reversión del deterioro del inmovilizado material', 1, '791', 'ACTIVO', '11. Deterioro y rdo por enajen.del inmov.', NULL, '11', NULL),
	(637, NULL, 'PYG_', 1, 'Primer Nivel', 'Reversión del deterioro de existencias', 1, '793', 'ACTIVO', '2. Variac.existenc.prod.termin.y en curso fab', NULL, '2', NULL),
	(638, NULL, 'PYG_', 1, 'Primer Nivel', 'Provisión insolvencias aplicadas', 1, '795', 'ACTIVO', '10. Exceso de provisiones', NULL, '10', NULL),
	(639, NULL, 'PYG_', 1, 'Primer Nivel', 'Reversión deterioro particip.y val.repre.deuda L/P', 1, '796', 'ACTIVO', '18. Deterioro y rdo por enajen.de intrum.fin.', NULL, '18', NULL),
	(640, NULL, 'PYG_', 1, 'Primer Nivel', 'Reversión del deterioro de créditos a L/P', 1, '797', 'ACTIVO', '18. Deterioro y rdo por enajen.de intrum.fin.', NULL, '18', NULL),
	(641, NULL, 'PYG_', 1, 'Primer Nivel', 'Reversión deterioro partic. y val. repre.deuda C/P', 1, '798', 'ACTIVO', '18. Deterioro y rdo por enajen.de intrum.fin.', NULL, '18', NULL),
	(642, NULL, 'PYG_', 1, 'Primer Nivel', 'Reversión del deterioro de créditos a C/P', 1, '799', 'ACTIVO', '18. Deterioro y rdo por enajen.de intrum.fin.', NULL, '18', NULL);
/*!40000 ALTER TABLE `tbmapas` ENABLE KEYS */;

-- Volcando estructura para tabla quc550.tbmapastemp
DROP TABLE IF EXISTS `tbmapastemp`;
CREATE TABLE IF NOT EXISTS `tbmapastemp` (
  `IdDato` double NOT NULL,
  `GrupoDato` double DEFAULT NULL,
  `Mapa` varchar(255) DEFAULT NULL,
  `Nivel` double DEFAULT NULL,
  `OrdenCabecera` varchar(255) DEFAULT NULL,
  `Descripcion` varchar(255) DEFAULT NULL,
  `NivelLinea` double DEFAULT NULL,
  `Cuenta` varchar(255) DEFAULT NULL,
  `Tipo` varchar(255) DEFAULT NULL,
  `ValorDebe` double DEFAULT '0',
  `ValorHaber` double DEFAULT '0',
  `Saldo` double DEFAULT '0',
  `strAux` varchar(255) DEFAULT NULL,
  `strAux1` varchar(255) DEFAULT NULL,
  `lngAux` double DEFAULT NULL,
  `lngAux2` varchar(255) DEFAULT NULL,
  PRIMARY KEY (`IdDato`)
) ENGINE=InnoDB DEFAULT CHARSET=utf8;

-- Volcando datos para la tabla quc550.tbmapastemp: ~511 rows (aproximadamente)
DELETE FROM `tbmapastemp`;
/*!40000 ALTER TABLE `tbmapastemp` DISABLE KEYS */;
INSERT INTO `tbmapastemp` (`IdDato`, `GrupoDato`, `Mapa`, `Nivel`, `OrdenCabecera`, `Descripcion`, `NivelLinea`, `Cuenta`, `Tipo`, `ValorDebe`, `ValorHaber`, `Saldo`, `strAux`, `strAux1`, `lngAux`, `lngAux2`) VALUES
	(1, 1, 'PyG', 1, 'ROTULO', 'PÉRDIDAS Y GANANCIAS', 0, NULL, 'PyG', 0, 0, 0, NULL, NULL, NULL, NULL),
	(2, 1, 'PyG', 1, 'NEGRITAGORDA', '1. Importe neto cifra de negocios', 0, '700', 'A1', 0, 1713.04, -1713.04, 'Ventas de mercaderías', NULL, NULL, '1'),
	(3, 1, 'PyG', 1, 'NADA', '1. Importe neto cifra de negocios', 0, '701', 'A1', 0, 0, 0, 'Ventas de productos terminados', NULL, NULL, '1'),
	(4, 1, 'PyG', 1, 'NADA', '1. Importe neto cifra de negocios', 0, '702', 'A1', 0, 0, 0, 'Ventas de productos semiterminados', NULL, NULL, '1'),
	(5, 1, 'PyG', 1, 'NADA', '1. Importe neto cifra de negocios', 0, '703', 'A1', 0, 0, 0, 'Ventas de subproductos y residuos', NULL, NULL, '1'),
	(6, 1, 'PyG', 1, 'NADA', '1. Importe neto cifra de negocios', 0, '704', 'A1', 0, 0, 0, 'Ventas de envases y embalajes', NULL, NULL, '1'),
	(7, 1, 'PyG', 1, 'NADA', '1. Importe neto cifra de negocios', 0, '705', 'A1', 0, 0, 0, 'Prestaciones de servicios', NULL, NULL, '1'),
	(8, 1, 'PyG', 1, 'NADA', '1. Importe neto cifra de negocios', 0, '706', 'A1', 0, 0, 0, 'Descuentos sobre ventas por pronto pago', NULL, NULL, '1'),
	(9, 1, 'PyG', 1, 'NADA', '1. Importe neto cifra de negocios', 0, '708', 'A1', 0, 0, 0, 'Devoluciones de ventas y operaciones similares', NULL, NULL, '1'),
	(10, 1, 'PyG', 1, 'NADA', '1. Importe neto cifra de negocios', 0, '709', 'A1', 0, 0, 0, '"Rappels" sobre ventas', NULL, NULL, '1'),
	(11, 1, 'PyG', 1, 'NEGRITAGORDA', '2. Variación exist. prod. term. y en curso', 0, '6930', 'A2', 0, 0, 0, 'Pérdidas por deterioro de existencias', NULL, NULL, '2'),
	(12, 1, 'PyG', 1, 'NADA', '2. Variación exist. prod. term. y en curso', 0, '71', 'A2', 0, 0, 0, 'Variación de existencias de productos', NULL, NULL, '2'),
	(13, 1, 'PyG', 1, 'NADA', '2. Variación exist. prod. term. y en curso', 0, '7930', 'A2', 0, 0, 0, 'Reversión del deterioro de existencias', NULL, NULL, '2'),
	(14, 1, 'PyG', 1, 'NEGRITAGORDA', '3. Trab.realizados por la emp. para su activo', 0, '73', 'A3', 0, 0, 0, 'Trabajos realizados por la empresa para su activo', NULL, NULL, '3'),
	(15, 1, 'PyG', 1, 'NEGRITAGORDA', '4. Aprovisionamientos', 0, '600', 'A4', 0, 0, 0, 'Compras de mercaderías', NULL, NULL, '4'),
	(16, 1, 'PyG', 1, 'NADA', '4. Aprovisionamientos', 0, '601', 'A4', 0, 0, 0, 'Compras de materias primas', NULL, NULL, '4'),
	(17, 1, 'PyG', 1, 'NADA', '4. Aprovisionamientos', 0, '602', 'A4', 0, 0, 0, 'Compras de otros aprovisionamientos', NULL, NULL, '4'),
	(18, 1, 'PyG', 1, 'NADA', '4. Aprovisionamientos', 0, '606', 'A4', 0, 0, 0, 'Descuentos sobre compras por pronto pago', NULL, NULL, '4'),
	(19, 1, 'PyG', 1, 'NADA', '4. Aprovisionamientos', 0, '607', 'A4', 0, 0, 0, 'Trabajos realizados por otras empresas', NULL, NULL, '4'),
	(20, 1, 'PyG', 1, 'NADA', '4. Aprovisionamientos', 0, '608', 'A4', 0, 0, 0, 'Devoluciones de compras y operaciones similares', NULL, NULL, '4'),
	(21, 1, 'PyG', 1, 'NADA', '4. Aprovisionamientos', 0, '609', 'A4', 0, 0, 0, '"Rappels" por compras', NULL, NULL, '4'),
	(22, 1, 'PyG', 1, 'NADA', '4. Aprovisionamientos', 0, '61', 'A4', 0, 0, 0, 'Variación de existencias de mercaderías', NULL, NULL, '4'),
	(23, 1, 'PyG', 1, 'NADA', '4. Aprovisionamientos', 0, '6931', 'A4', 0, 0, 0, 'Pérdidas por deterioro de existencias', NULL, NULL, '4'),
	(24, 1, 'PyG', 1, 'NADA', '4. Aprovisionamientos', 0, '6932', 'A4', 0, 0, 0, 'Pérdidas por deterioro de existencias', NULL, NULL, '4'),
	(25, 1, 'PyG', 1, 'NADA', '4. Aprovisionamientos', 0, '6933', 'A4', 0, 0, 0, 'Pérdidas por deterioro de existencias', NULL, NULL, '4'),
	(26, 1, 'PyG', 1, 'NADA', '4. Aprovisionamientos', 0, '7931', 'A4', 0, 0, 0, 'Reversión del deterioro de existencias', NULL, NULL, '4'),
	(27, 1, 'PyG', 1, 'NADA', '4. Aprovisionamientos', 0, '7932', 'A4', 0, 0, 0, 'Reversión del deterioro de existencias', NULL, NULL, '4'),
	(28, 1, 'PyG', 1, 'NADA', '4. Aprovisionamientos', 0, '7933', 'A4', 0, 0, 0, 'Reversión del deterioro de existencias', NULL, NULL, '4'),
	(29, 1, 'PyG', 1, 'NEGRITAGORDA', '5. Otros ingresos de explotación', 0, '740', 'A5', 0, 0, 0, 'subvenciones,donaciones y legados a la explotación', NULL, NULL, '5'),
	(30, 1, 'PyG', 1, 'NADA', '5. Otros ingresos de explotación', 0, '747', 'A5', 0, 400.28, -400.28, 'Otras subvenciones,donac.y leg.transfer.a Rtdo.eje', NULL, NULL, '5'),
	(31, 1, 'PyG', 1, 'NADA', '5. Otros ingresos de explotación', 0, '75', 'A5', 0, 0, 0, 'Ingresos de arrendamientos, comisiones, propiedad industrial', NULL, NULL, '5'),
	(32, 1, 'PyG', 1, 'NEGRITAGORDA', '6. Gastos de personal', 0, '64', 'A6', 0, 0, 0, 'Sueldos y salarios', NULL, NULL, '6'),
	(33, 1, 'PyG', 1, 'NADA', '6. Gastos de personal', 0, '7950', 'A6', 0, 0, 0, 'Provisión insolvencias aplicadas', NULL, NULL, '6'),
	(34, 1, 'PyG', 1, 'NADA', '6. Gastos de personal', 0, '7957', 'A6', 0, 0, 0, 'Provisión insolvencias', NULL, NULL, '6'),
	(35, 1, 'PyG', 1, 'NEGRITAGORDA', '7. Otros gastos de explotación', 0, '62', 'A7', 0, 0, 0, 'Gastos en investigación y desarrollo del ejercicio', NULL, NULL, '7'),
	(36, 1, 'PyG', 1, 'NADA', '7. Otros gastos de explotación', 0, '631', 'A7', 0, 0, 0, 'Otros tributos', NULL, NULL, '7'),
	(37, 1, 'PyG', 1, 'NADA', '7. Otros gastos de explotación', 0, '634', 'A7', 0, 0, 0, 'Ajustes negativos en la imposición indirecta', NULL, NULL, '7'),
	(38, 1, 'PyG', 1, 'NADA', '7. Otros gastos de explotación', 0, '636', 'A7', 0, 0, 0, 'Devolución de impuestos', NULL, NULL, '7'),
	(39, 1, 'PyG', 1, 'NADA', '7. Otros gastos de explotación', 0, '639', 'A7', 0, 0, 0, 'Ajustes positivos en la imposición indirecta', NULL, NULL, '7'),
	(40, 1, 'PyG', 1, 'NADA', '7. Otros gastos de explotación', 0, '65', 'A7', 0, 0, 0, 'Pérdidas de créditos comerciales incobrables', NULL, NULL, '7'),
	(41, 1, 'PyG', 1, 'NADA', '7. Otros gastos de explotación', 0, '694', 'A7', 0, 0, 0, 'Pérdidas por deterioro créditos operaciones ccial', NULL, NULL, '7'),
	(42, 1, 'PyG', 1, 'NADA', '7. Otros gastos de explotación', 0, '695', 'A7', 0, 0, 0, 'Dotación a la provisión por operaciones cciales', NULL, NULL, '7'),
	(43, 1, 'PyG', 1, 'NADA', '7. Otros gastos de explotación', 0, '794', 'A7', 0, 0, 0, 'Pérdidas de provisiones por operaciones comerciales', NULL, NULL, '7'),
	(44, 1, 'PyG', 1, 'NADA', '7. Otros gastos de explotación', 0, '7954', 'A7', 0, 0, 0, 'Pérdidas, deterioro y variación de provisiones por operaciones comerciales', NULL, NULL, '7'),
	(45, 1, 'PyG', 1, 'NEGRITAGORDA', '8. Amortización del inmovilizado', 0, '68', 'A8', 0, 0, 0, 'Amortización del inmovilizado tangible y material', NULL, NULL, '8'),
	(46, 1, 'PyG', 1, 'NEGRITAGORDA', '9. Imputación subvenciones inmovil.no financ.', 0, '7460', 'A9', 0, 0, 0, 'Subvenciones,donaciones,legados transfer.Rtdo.ejer', NULL, NULL, '9'),
	(47, 1, 'PyG', 1, 'NEGRITAGORDA', '10. Excesos de provisiones', 0, '7951', 'A10', 0, 0, 0, 'Provisión insolvencias aplicadas', NULL, NULL, '10'),
	(48, 1, 'PyG', 1, 'NADA', '10. Excesos de provisiones', 0, '7952', 'A10', 0, 0, 0, 'Provisión insolvencias aplicadas', NULL, NULL, '10'),
	(49, 1, 'PyG', 1, 'NADA', '10. Excesos de provisiones', 0, '7955', 'A10', 0, 0, 0, 'Provisión insolvencias aplicadas', NULL, NULL, '10'),
	(50, 1, 'PyG', 1, 'NADA', '10. Excesos de provisiones', 0, '7956', 'A10', 0, 0, 0, 'Provisión insolvencias aplicadas', NULL, NULL, '10'),
	(51, 1, 'PyG', 1, 'NEGRITAGORDA', '11. Deterioro y Rtdo. enajenaciones inmovil.', 0, '670', 'A11', 0, 0, 0, 'Pérdidas procedentes del inmovilizado intangible', NULL, NULL, '11'),
	(52, 1, 'PyG', 1, 'NADA', '11. Deterioro y Rtdo. enajenaciones inmovil.', 0, '671', 'A11', 0, 0, 0, 'Pérdidas procedentes del inmovilizado material', NULL, NULL, '11'),
	(53, 1, 'PyG', 1, 'NADA', '11. Deterioro y Rtdo. enajenaciones inmovil.', 0, '672', 'A11', 0, 0, 0, 'Resultado por enajenaciones y otros', NULL, NULL, '11'),
	(54, 1, 'PyG', 1, 'NADA', '11. Deterioro y Rtdo. enajenaciones inmovil.', 0, '690', 'A11', 0, 0, 0, 'Pérdidas por deterioro del inmovilizado intangible', NULL, NULL, '11'),
	(55, 1, 'PyG', 1, 'NADA', '11. Deterioro y Rtdo. enajenaciones inmovil.', 0, '691', 'A11', 0, 0, 0, 'Pérdidas por deterioro del inmovilizado material', NULL, NULL, '11'),
	(56, 1, 'PyG', 1, 'NADA', '11. Deterioro y Rtdo. enajenaciones inmovil.', 0, '692', 'A11', 0, 0, 0, 'Resultado por enajenaciones y otros', NULL, NULL, '11'),
	(57, 1, 'PyG', 1, 'NADA', '11. Deterioro y Rtdo. enajenaciones inmovil.', 0, '770', 'A11', 0, 0, 0, 'Beneficios procedentes del inmovilizado intangible', NULL, NULL, '11'),
	(58, 1, 'PyG', 1, 'NADA', '11. Deterioro y Rtdo. enajenaciones inmovil.', 0, '771', 'A11', 0, 0, 0, 'Beneficios procedentes del inmovilizado material', NULL, NULL, '11'),
	(59, 1, 'PyG', 1, 'NADA', '11. Deterioro y Rtdo. enajenaciones inmovil.', 0, '772', 'A11', 0, 0, 0, 'Resultados por enajenaciones y otras', NULL, NULL, '11'),
	(60, 1, 'PyG', 1, 'NADA', '11. Deterioro y Rtdo. enajenaciones inmovil.', 0, '790', 'A11', 0, 0, 0, 'Reversión del deterioro inmovilizado intangible', NULL, NULL, '11'),
	(61, 1, 'PyG', 1, 'NADA', '11. Deterioro y Rtdo. enajenaciones inmovil.', 0, '791', 'A11', 0, 0, 0, 'Reversión del deterioro del inmovilizado material', NULL, NULL, '11'),
	(62, 1, 'PyG', 1, 'NADA', '11. Deterioro y Rtdo. enajenaciones inmovil.', 0, '792', 'A11', 0, 0, 0, 'Deterioros y pérdidas', NULL, NULL, '11'),
	(63, 1, 'PyG', 1, 'NEGRITAGORDA', '12. Diferencia negativa combinaciones negocio', 0, '774', 'A12', 0, 0, 0, 'Diferencia negativa de combinaciones de negocio', NULL, NULL, '12'),
	(64, 1, 'PyG', 1, 'NEGRITAGORDA', '13 Otros resultados', 0, '678', 'A13', 0, 0, 0, 'Gastos excepcionales', NULL, NULL, '13'),
	(65, 1, 'PyG', 1, 'NADA', '13 Otros resultados', 0, '778', 'A13', 0, 0, 0, 'Ingresos excepcionales', NULL, NULL, '13'),
	(66, 1, 'PyG', 2, 'NEGRITAGORDA', 'A) Resultado explotación (del 1 al 13)', 1, 'A1', 'PyG1_13', 0, 0, 0, 'RESULTADO DE EXPLOTACIÓN', NULL, NULL, NULL),
	(67, 1, 'PyG', 2, 'NADA2', 'A) Resultado explotación (del 1 al 13)', 1, 'A10', 'PyG', 0, 0, 0, NULL, NULL, NULL, NULL),
	(68, 1, 'PyG', 2, 'NADA2', 'A) Resultado explotación (del 1 al 13)', 1, 'A11', 'PyG', 0, 0, 0, NULL, NULL, NULL, NULL),
	(69, 1, 'PyG', 2, 'NADA2', 'A) Resultado explotación (del 1 al 13)', 1, 'A12', 'PyG', 0, 0, 0, NULL, NULL, NULL, NULL),
	(70, 1, 'PyG', 2, 'NADA2', 'A) Resultado explotación (del 1 al 13)', 1, 'A13', 'PyG', 0, 0, 0, NULL, NULL, NULL, NULL),
	(71, 1, 'PyG', 2, 'NADA2', 'A) Resultado explotación (del 1 al 13)', 1, 'A2', 'PyG', 0, 0, 0, NULL, NULL, NULL, NULL),
	(72, 1, 'PyG', 2, 'NADA2', 'A) Resultado explotación (del 1 al 13)', 1, 'A3', 'PyG', 0, 0, 0, NULL, NULL, NULL, NULL),
	(73, 1, 'PyG', 2, 'NADA2', 'A) Resultado explotación (del 1 al 13)', 1, 'A4', 'PyG', 0, 0, 0, NULL, NULL, NULL, NULL),
	(74, 1, 'PyG', 2, 'NADA2', 'A) Resultado explotación (del 1 al 13)', 1, 'A5', 'PyG', 0, 0, 0, NULL, NULL, NULL, NULL),
	(75, 1, 'PyG', 2, 'NADA2', 'A) Resultado explotación (del 1 al 13)', 1, 'A6', 'PyG', 0, 0, 0, NULL, NULL, NULL, NULL),
	(76, 1, 'PyG', 2, 'NADA2', 'A) Resultado explotación (del 1 al 13)', 1, 'A7', 'PyG', 0, 0, 0, NULL, NULL, NULL, NULL),
	(77, 1, 'PyG', 2, 'NADA2', 'A) Resultado explotación (del 1 al 13)', 1, 'A8', 'PyG', 0, 0, 0, NULL, NULL, NULL, NULL),
	(78, 1, 'PyG', 2, 'NADA2', 'A) Resultado explotación (del 1 al 13)', 1, 'A9', 'PyG', 0, 0, 0, NULL, NULL, NULL, NULL),
	(79, 1, 'PyG', 2, 'NEGRITAGORDA', '14. Ingresos financieros', 1, 'A14a', 'PyG', 0, 0, 0, 'De participaciones en instrumentos de patrimonio', NULL, NULL, NULL),
	(80, 1, 'PyG', 2, 'NADA', '14. Ingresos financieros', 1, 'A14b', 'PyG', 0, 0, 0, 'De valores negociables y de créditos del activo inmovilizado', NULL, NULL, NULL),
	(81, 1, 'PyG', 1, 'NADA', 'a) Imp. subvenciones, donanc. y legados', 0, '7461', 'A14a', 0, 0, 0, 'Imputación de subvenciones de inmovilizado no financiero y otras', NULL, NULL, '14'),
	(82, 1, 'PyG', 1, 'NADA', 'b) Otros ingresos financieros', 0, '760', 'A14b', 0, 0, 0, 'Ingresos participaciones instrumentos patrimonio', NULL, NULL, '14'),
	(83, 1, 'PyG', 1, 'NADA', 'b) Otros ingresos financieros', 0, '761', 'A14b', 0, 0, 0, 'Ingresos de valores representativos de deuda', NULL, NULL, '14'),
	(84, 1, 'PyG', 1, 'NADA', 'b) Otros ingresos financieros', 0, '762', 'A14b', 0, 0, 0, 'Ingresos de créditos', NULL, NULL, '14'),
	(85, 1, 'PyG', 1, 'NADA', 'b) Otros ingresos financieros', 0, '767', 'A14b', 0, 0, 0, 'De terceros', NULL, NULL, '14'),
	(86, 1, 'PyG', 1, 'NADA', 'b) Otros ingresos financieros', 0, '769', 'A14b', 0, 0, 0, 'Otros ingresos financieros', NULL, NULL, '14'),
	(87, 1, 'PyG', 1, 'NEGRITAGORDA', '15. Gastos financieros', 0, '660', 'A15', 0, 0, 0, 'Gastos Financieros. Por actualizacion de provisiones', NULL, NULL, '15'),
	(88, 1, 'PyG', 1, 'NADA', '15. Gastos financieros', 0, '661', 'A15', 0, 0, 0, 'Intereses de obligaciones y bonos', NULL, NULL, '15'),
	(89, 1, 'PyG', 1, 'NADA', '15. Gastos financieros', 0, '662', 'A15', 0, 0, 0, 'Intereses de deudas', NULL, NULL, '15'),
	(90, 1, 'PyG', 1, 'NADA', '15. Gastos financieros', 0, '664', 'A15', 0, 0, 0, 'Por deudas con empresas del grupo y asociadas', NULL, NULL, '15'),
	(91, 1, 'PyG', 1, 'NADA', '15. Gastos financieros', 0, '665', 'A15', 0, 0, 0, 'Intereses por dto.efectos y operaciones"factoring"', NULL, NULL, '15'),
	(92, 1, 'PyG', 1, 'NADA', '15. Gastos financieros', 0, '669', 'A15', 0, 0, 0, 'Otros gastos financieros', NULL, NULL, '15'),
	(93, 1, 'PyG', 1, 'NEGRITAGORDA', '16. Variación valor razonable instrum. finan.', 0, '663', 'A16', 0, 0, 0, 'Cartera de negociación y otros', NULL, NULL, '16'),
	(94, 1, 'PyG', 1, 'NADA', '16. Variación valor razonable instrum. finan.', 0, '763', 'A16', 0, 0, 0, 'Variación de valor razonable en instrumentos financieros', NULL, NULL, '16'),
	(95, 1, 'PyG', 1, 'NEGRITAGORDA', '17. Diferencias de cambio', 0, '668', 'A17', 0, 0, 0, 'Diferencias negativas de cambio', NULL, NULL, '17'),
	(96, 1, 'PyG', 1, 'NADA', '17. Diferencias de cambio', 0, '768', 'A17', 0, 0, 0, 'Diferencias positivas de cambio', NULL, NULL, '17'),
	(97, 1, 'PyG', 1, 'NEGRITAGORDA', '18. Deterioro y Rtdo.enajenaciones instr.fin.', 0, '666', 'A18', 0, 0, 0, 'Pérdidas en particip.y valores reprentativos deuda', NULL, NULL, '18'),
	(98, 1, 'PyG', 1, 'NADA', '18. Deterioro y Rtdo.enajenaciones instr.fin.', 0, '667', 'A18', 0, 0, 0, 'Pérdidas de créditos no comerciales', NULL, NULL, '18'),
	(99, 1, 'PyG', 1, 'NADA', '18. Deterioro y Rtdo.enajenaciones instr.fin.', 0, '673', 'A18', 0, 0, 0, 'Pérdidas procedentes de participaciones L/P, grupo', NULL, NULL, '18'),
	(100, 1, 'PyG', 1, 'NADA', '18. Deterioro y Rtdo.enajenaciones instr.fin.', 0, '675', 'A18', 0, 0, 0, 'Pérdidas por operaciones con obligaciones propias', NULL, NULL, '18'),
	(101, 1, 'PyG', 1, 'NADA', '18. Deterioro y Rtdo.enajenaciones instr.fin.', 0, '696', 'A18', 0, 0, 0, 'Pérd.deterioro particip.y valores repres.deuda L/P', NULL, NULL, '18'),
	(102, 1, 'PyG', 1, 'NADA', '18. Deterioro y Rtdo.enajenaciones instr.fin.', 0, '697', 'A18', 0, 0, 0, 'Pérdidas por deterioro de créditos a L/P', NULL, NULL, '18'),
	(103, 1, 'PyG', 1, 'NADA', '18. Deterioro y Rtdo.enajenaciones instr.fin.', 0, '698', 'A18', 0, 0, 0, 'Pérd. deterioro particip. y val. repre.deuda a C/P', NULL, NULL, '18'),
	(104, 1, 'PyG', 1, 'NADA', '18. Deterioro y Rtdo.enajenaciones instr.fin.', 0, '699', 'A18', 0, 0, 0, 'Pérdidas por deterioro de créditos a C/P', NULL, NULL, '18'),
	(105, 1, 'PyG', 1, 'NADA', '18. Deterioro y Rtdo.enajenaciones instr.fin.', 0, '766', 'A18', 0, 0, 0, 'Beneficios en participaciones valores repres.deuda', NULL, NULL, '18'),
	(106, 1, 'PyG', 1, 'NADA', '18. Deterioro y Rtdo.enajenaciones instr.fin.', 0, '773', 'A18', 0, 0, 0, 'Resultados por enajenaciones y otras', NULL, NULL, '18'),
	(107, 1, 'PyG', 1, 'NADA', '18. Deterioro y Rtdo.enajenaciones instr.fin.', 0, '775', 'A18', 0, 0, 0, 'Beneficios operaciones con obligaciones propias', NULL, NULL, '18'),
	(108, 1, 'PyG', 1, 'NADA', '18. Deterioro y Rtdo.enajenaciones instr.fin.', 0, '796', 'A18', 0, 0, 0, 'Reversión deterioro particip.y val.repre.deuda L/P', NULL, NULL, '18'),
	(109, 1, 'PyG', 1, 'NADA', '18. Deterioro y Rtdo.enajenaciones instr.fin.', 0, '797', 'A18', 0, 0, 0, 'Reversión del deterioro de créditos a L/P', NULL, NULL, '18'),
	(110, 1, 'PyG', 1, 'NADA', '18. Deterioro y Rtdo.enajenaciones instr.fin.', 0, '798', 'A18', 0, 0, 0, 'Reversión deterioro partic. y val. repre.deuda C/P', NULL, NULL, '18'),
	(111, 1, 'PyG', 1, 'NADA', '18. Deterioro y Rtdo.enajenaciones instr.fin.', 0, '799', 'A18', 0, 0, 0, 'Reversión del deterioro de créditos a C/P', NULL, NULL, '18'),
	(112, 1, 'PyG', 2, 'NEGRITAGORDA', '19.Otros ingresos y gastos carácter financ.', 1, 'A19a', 'A19', 0, 0, 0, 'Incorporación al activo de gastos financ.', NULL, NULL, '(NULL)'),
	(113, 1, 'PyG', 2, 'NADA', '19.Otros ingresos y gastos carácter financ.', 1, 'A19b', 'A19', 0, 0, 0, 'Ing. fin. Derivados convenios acreedores', NULL, NULL, NULL),
	(114, 1, 'PyG', 2, 'NADA', '19.Otros ingresos y gastos carácter financ.', 1, 'A19c', 'A19', 0, 0, 0, 'Resto de ingresos y gastos', NULL, NULL, NULL),
	(115, 1, 'PyG_2', 1, 'NADA', 'a) Incorporación al activo de gastos financ.', 0, '0', 'PyG', 0, 0, 0, 'Proveedores a L/P', NULL, NULL, NULL),
	(116, 1, 'PyG_2', 1, 'NADA', 'b) Ing. fin. Derivados convenios acreedores', 0, '0', 'PyG', 0, 0, 0, 'Proveedores a L/P', NULL, NULL, NULL),
	(117, 1, 'PyG_2', 1, 'NADA', 'c) Resto de ingresos y gastos', 0, '0', 'PyG', 0, 0, 0, 'Proveedores a L/P', NULL, NULL, NULL),
	(118, 1, 'PyG', 3, 'NEGRITAGORDA', 'B) Resultado financiero (14+15+16+17+18+19)', 2, 'A14', 'PyG14_19', 0, 0, 0, 'Resultado Financiero', NULL, NULL, NULL),
	(119, 1, 'PyG', 3, 'NADA2', 'B) Resultado financiero (14+15+16+17+18+19)', 2, 'A15', 'PyG', 0, 0, 0, NULL, NULL, NULL, NULL),
	(120, 1, 'PyG', 3, 'NADA2', 'B) Resultado financiero (14+15+16+17+18+19)', 2, 'A16', 'PyG', 0, 0, 0, NULL, NULL, NULL, NULL),
	(121, 1, 'PyG', 3, 'NADA2', 'B) Resultado financiero (14+15+16+17+18+19)', 2, 'A17', 'PyG', 0, 0, 0, NULL, NULL, NULL, NULL),
	(122, 1, 'PyG', 3, 'NADA2', 'B) Resultado financiero (14+15+16+17+18+19)', 2, 'A18', 'PyG', 0, 0, 0, NULL, NULL, NULL, NULL),
	(123, 1, 'PyG', 3, 'NADA2', 'B) Resultado financiero (14+15+16+17+18+19)', 2, 'A19', 'PyG', 0, 0, 0, NULL, NULL, NULL, NULL),
	(124, 1, 'PyG', 4, 'NEGRITAGORDA', 'C) Resultado antes de impuestos (A+B)', 3, 'A+B', 'PyG_AB', 0, 0, 0, 'Resultado antes de Impuestos', NULL, NULL, NULL),
	(125, 1, 'PyG', 4, 'NADA2', 'C) Resultado antes de impuestos (A+B)', 3, 'B', 'PyG', 0, 0, 0, NULL, '(NULL)', NULL, NULL),
	(126, 1, 'PyG', 1, 'NEGRITAGORDA', '20. Impuestos sobre beneficios', 0, '6300', 'A20', 0, 0, 0, 'Impuestos sobre beneficios', '(NULL)', NULL, '20'),
	(127, 1, 'PyG', 1, 'NADA2', '20. Impuestos sobre beneficios', 0, '6301', 'A20', 0, 0, 0, NULL, '(NULL)', NULL, '20'),
	(128, 1, 'PyG', 1, 'NADA2', '20. Impuestos sobre beneficios', 0, '633', 'A20', 0, 0, 0, 'Ajustes negativos en la imposición sobre beneficio', '(NULL)', NULL, '20'),
	(129, 1, 'PyG', 1, 'NADA2', '20. Impuestos sobre beneficios', 0, '638', 'A20', 0, 0, 0, 'Ajustes positivos en la imposición sobre beneficio', '(NULL)', NULL, '20'),
	(130, 1, 'PyG', 5, 'NEGRITAGORDA', 'D) Resultado del ejercicio (C+20)', 4, 'C', 'PyG_C20', 0, 0, 0, NULL, '(NULL)', NULL, NULL),
	(131, 1, 'PyG', 5, 'NADA2', 'D) Resultado del ejercicio (C+20)', 4, 'C19', 'PyG', 0, 0, 0, NULL, '(NULL)', NULL, NULL),
	(132, 2, 'Balance', 2, 'ROTULO', 'ACTIVO', 0, NULL, 'ACTIVO', 0, 0, 0, NULL, '(NULL)', 0, NULL),
	(133, 2, 'Balance', 2, 'NEGRITAGORDA', 'A) ACTIVO NO CORRIENTE', 1, 'ANC10', 'ANC', 0, 0, 0, 'ACTIVO NO CORRIENTE', 'ACTIVO_NO_CORRIENTE', 0, NULL),
	(134, 2, 'Balance_2', 2, 'NADA', 'A) ACTIVO NO CORRIENTE', 1, 'ANC20', 'ACTIVO  ', 0, 0, 0, 'ACTIVO NO CORRIENTE', 'ACTIVO_NO_CORRIENTE', 0, NULL),
	(135, 2, 'Balance_2', 2, 'NADA', 'A) ACTIVO NO CORRIENTE', 1, 'ANC30', 'ACTIVO  ', 0, 0, 0, 'ACTIVO NO CORRIENTE', 'ACTIVO_NO_CORRIENTE', 0, NULL),
	(136, 2, 'Balance_2', 2, 'NADA', 'A) ACTIVO NO CORRIENTE', 1, 'ANC40', 'ACTIVO  ', 0, 0, 0, 'ACTIVO NO CORRIENTE', 'ACTIVO_NO_CORRIENTE', 0, NULL),
	(137, 2, 'Balance_2', 2, 'NADA', 'A) ACTIVO NO CORRIENTE', 1, 'ANC50', 'ACTIVO  ', 0, 0, 0, 'ACTIVO NO CORRIENTE', 'ACTIVO_NO_CORRIENTE', 0, NULL),
	(138, 2, 'Balance_2', 2, 'NADA', 'A) ACTIVO NO CORRIENTE', 1, 'ANC60', 'ACTIVO  ', 0, 0, 0, 'ACTIVO NO CORRIENTE', 'ACTIVO_NO_CORRIENTE', 0, NULL),
	(139, 2, 'Balance_2', 2, 'NADA', 'A) ACTIVO NO CORRIENTE', 1, 'ANC70', 'ACTIVO  ', 0, 0, 0, 'ACTIVO NO CORRIENTE', 'ACTIVO_NO_CORRIENTE', 0, NULL),
	(140, 2, 'Balance', 1, 'NEGRITAFINA', 'I. Inmovilizado Intangible        ', 0, '20', 'ANC10', 0, 0, 0, 'Inmovilizado Intangible', 'ACTIVO_NO_CORRIENTE', -325, NULL),
	(141, 2, 'Balance', 1, 'NADA', 'I. Inmovilizado Intangible        ', 0, '280', 'ANC10', 0, 0, 0, 'Inmovilizado Intangible', 'ACTIVO_NO_CORRIENTE', -325, NULL),
	(142, 2, 'Balance', 1, 'NADA', 'I. Inmovilizado Intangible        ', 0, '290', 'ANC10', 0, 0, 0, 'Inmovilizado Intangible', 'ACTIVO_NO_CORRIENTE', -325, NULL),
	(143, 2, 'Balance', 1, 'NEGRITAFINA', 'II. Inmovilizado  Material         ', 0, '21', 'ANC20', 0, 0, 0, 'Inmovilizado Material', 'ACTIVO_NO_CORRIENTE', -1724.23, NULL),
	(144, 2, 'Balance', 1, 'NADA', 'II. Inmovilizado  Material         ', 0, '23', 'ANC20', 0, 0, 0, 'Inmovilizado Material', 'ACTIVO_NO_CORRIENTE', -1724.23, NULL),
	(145, 2, 'Balance', 1, 'NADA', 'II. Inmovilizado  Material         ', 0, '281', 'ANC20', 0, 0, 0, 'Inmovilizado Material', 'ACTIVO_NO_CORRIENTE', -1724.23, NULL),
	(146, 2, 'Balance', 1, 'NADA', 'II. Inmovilizado  Material         ', 0, '291', 'ANC20', 0, 0, 0, 'Inmovilizado Material', 'ACTIVO_NO_CORRIENTE', -1724.23, NULL),
	(147, 2, 'Balance', 1, 'NEGRITAFINA', 'III. Inversiones Inmobiliarias', 0, '22', 'ANC30', 0, 0, 0, 'Inversiones Inmobiliarias', 'ACTIVO_NO_CORRIENTE', 0, NULL),
	(148, 2, 'Balance', 1, 'NADA', 'III. Inversiones Inmobiliarias', 0, '282', 'ANC30', 0, 0, 0, 'Inversiones Inmobiliarias', 'ACTIVO_NO_CORRIENTE', 0, NULL),
	(149, 2, 'Balance', 1, 'NADA', 'III. Inversiones Inmobiliarias', 0, '292', 'ANC30', 0, 0, 0, 'Inversiones Inmobiliarias', 'ACTIVO_NO_CORRIENTE', 0, NULL),
	(150, 2, 'Balance', 1, 'NEGRITAFINA', 'IV. Invers. empresas grupo y asociadas a L/P', 0, '2403', 'ANC40', 0, 0, 0, 'Invers. empresas grupo y asociadas a L/P', 'ACTIVO_NO_CORRIENTE', 0, NULL),
	(151, 2, 'Balance', 1, 'NADA', 'IV. Invers. empresas grupo y asociadas a L/P', 0, '2404', 'ANC40', 0, 0, 0, 'Invers. empresas grupo y asociadas a L/P', 'ACTIVO_NO_CORRIENTE', 0, NULL),
	(152, 2, 'Balance', 1, 'NADA', 'IV. Invers. empresas grupo y asociadas a L/P', 0, '2413', 'ANC40', 0, 0, 0, 'Invers. empresas grupo y asociadas a L/P', 'ACTIVO_NO_CORRIENTE', 0, NULL),
	(153, 2, 'Balance', 1, 'NADA', 'IV. Invers. empresas grupo y asociadas a L/P', 0, '2414', 'ANC40', 0, 0, 0, 'Invers. empresas grupo y asociadas a L/P', 'ACTIVO_NO_CORRIENTE', 0, NULL),
	(154, 2, 'Balance', 1, 'NADA', 'IV. Invers. empresas grupo y asociadas a L/P', 0, '2423', 'ANC40', 0, 0, 0, 'Invers. empresas grupo y asociadas a L/P', 'ACTIVO_NO_CORRIENTE', 0, NULL),
	(155, 2, 'Balance', 1, 'NADA', 'IV. Invers. empresas grupo y asociadas a L/P', 0, '2424', 'ANC40', 0, 0, 0, 'Invers. empresas grupo y asociadas a L/P', 'ACTIVO_NO_CORRIENTE', 0, NULL),
	(156, 2, 'Balance', 1, 'NADA', 'IV. Invers. empresas grupo y asociadas a L/P', 0, '2493', 'ANC40', 0, 0, 0, 'Invers. empresas grupo y asociadas a L/P', 'ACTIVO_NO_CORRIENTE', 0, NULL),
	(157, 2, 'Balance', 1, 'NADA', 'IV. Invers. empresas grupo y asociadas a L/P', 0, '2494', 'ANC40', 0, 0, 0, 'Invers. empresas grupo y asociadas a L/P', 'ACTIVO_NO_CORRIENTE', 0, NULL),
	(158, 2, 'Balance', 1, 'NADA', 'IV. Invers. empresas grupo y asociadas a L/P', 0, '293', 'ANC40', 0, 0, 0, 'Invers. empresas grupo y asociadas a L/P', 'ACTIVO_NO_CORRIENTE', 0, NULL),
	(159, 2, 'Balance', 1, 'NADA', 'IV. Invers. empresas grupo y asociadas a L/P', 0, '2943', 'ANC40', 0, 0, 0, 'Invers. empresas grupo y asociadas a L/P', 'ACTIVO_NO_CORRIENTE', 0, NULL),
	(160, 2, 'Balance', 1, 'NADA', 'IV. Invers. empresas grupo y asociadas a L/P', 0, '2944', 'ANC40', 0, 0, 0, 'Invers. empresas grupo y asociadas a L/P', 'ACTIVO_NO_CORRIENTE', 0, NULL),
	(161, 2, 'Balance', 1, 'NADA', 'IV. Invers. empresas grupo y asociadas a L/P', 0, '2953', 'ANC40', 0, 0, 0, 'Invers. empresas grupo y asociadas a L/P', 'ACTIVO_NO_CORRIENTE', 0, NULL),
	(162, 2, 'Balance', 1, 'NADA', 'IV. Invers. empresas grupo y asociadas a L/P', 0, '2954', 'ANC40', 0, 0, 0, 'Invers. empresas grupo y asociadas a L/P', 'ACTIVO_NO_CORRIENTE', 0, NULL),
	(163, 2, 'Balance', 1, 'NEGRITAFINA', 'V.Inversiones financieras a L/P', 0, '2405', 'ANC50', 0, 0, 0, 'Inversiones financieras a L/P', 'ACTIVO_NO_CORRIENTE', 0, NULL),
	(164, 2, 'Balance', 1, 'NADA', 'V.Inversiones financieras a L/P', 0, '2415', 'ANC50', 0, 0, 0, 'Inversiones financieras a L/P', 'ACTIVO_NO_CORRIENTE', 0, NULL),
	(165, 2, 'Balance', 1, 'NADA', 'V.Inversiones financieras a L/P', 0, '2425', 'ANC50', 0, 0, 0, 'Inversiones financieras a L/P', 'ACTIVO_NO_CORRIENTE', 0, NULL),
	(166, 2, 'Balance', 1, 'NADA', 'V.Inversiones financieras a L/P', 0, '2495', 'ANC50', 0, 0, 0, 'Inversiones financieras a L/P', 'ACTIVO_NO_CORRIENTE', 0, NULL),
	(167, 2, 'Balance', 1, 'NADA', 'V.Inversiones financieras a L/P', 0, '250', 'ANC50', 0, 0, 0, 'Inversiones financieras a L/P', 'ACTIVO_NO_CORRIENTE', 0, NULL),
	(168, 2, 'Balance', 1, 'NADA', 'V.Inversiones financieras a L/P', 0, '251', 'ANC50', 0, 0, 0, 'Inversiones financieras a L/P', 'ACTIVO_NO_CORRIENTE', 0, NULL),
	(169, 2, 'Balance', 1, 'NADA', 'V.Inversiones financieras a L/P', 0, '252', 'ANC50', 0, 0, 0, 'Inversiones financieras a L/P', 'ACTIVO_NO_CORRIENTE', 0, NULL),
	(170, 2, 'Balance', 1, 'NADA', 'V.Inversiones financieras a L/P', 0, '253', 'ANC50', 0, 0, 0, 'Inversiones financieras a L/P', 'ACTIVO_NO_CORRIENTE', 0, NULL),
	(171, 2, 'Balance', 1, 'NADA', 'V.Inversiones financieras a L/P', 0, '254', 'ANC50', 0, 0, 0, 'Inversiones financieras a L/P', 'ACTIVO_NO_CORRIENTE', 0, NULL),
	(172, 2, 'Balance', 1, 'NADA', 'V.Inversiones financieras a L/P', 0, '255', 'ANC50', 0, 0, 0, 'Inversiones financieras a L/P', 'ACTIVO_NO_CORRIENTE', 0, NULL),
	(173, 2, 'Balance', 1, 'NADA', 'V.Inversiones financieras a L/P', 0, '257', 'ANC50', 0, 0, 0, 'Inversiones financieras a L/P', 'ACTIVO_NO_CORRIENTE', 0, NULL),
	(174, 2, 'Balance', 1, 'NADA', 'V.Inversiones financieras a L/P', 0, '258', 'ANC50', 0, 0, 0, 'Inversiones financieras a L/P', 'ACTIVO_NO_CORRIENTE', 0, NULL),
	(175, 2, 'Balance', 1, 'NADA', 'V.Inversiones financieras a L/P', 0, '259', 'ANC50', 0, 0, 0, 'Inversiones financieras a L/P', 'ACTIVO_NO_CORRIENTE', 0, NULL),
	(176, 2, 'Balance', 1, 'NADA', 'V.Inversiones financieras a L/P', 0, '26', 'ANC50', 0, 0, 0, 'Inversiones financieras a L/P', 'ACTIVO_NO_CORRIENTE', 0, NULL),
	(177, 2, 'Balance', 1, 'NADA', 'V.Inversiones financieras a L/P', 0, '2945', 'ANC50', 0, 0, 0, 'Inversiones financieras a L/P', 'ACTIVO_NO_CORRIENTE', 0, NULL),
	(178, 2, 'Balance', 1, 'NADA', 'V.Inversiones financieras a L/P', 0, '2955', 'ANC50', 0, 0, 0, 'Inversiones financieras a L/P', 'ACTIVO_NO_CORRIENTE', 0, NULL),
	(179, 2, 'Balance', 1, 'NADA', 'V.Inversiones financieras a L/P', 0, '297', 'ANC50', 0, 0, 0, 'Inversiones financieras a L/P', 'ACTIVO_NO_CORRIENTE', 0, NULL),
	(180, 2, 'Balance', 1, 'NADA', 'V.Inversiones financieras a L/P', 0, '298', 'ANC50', 0, 0, 0, 'Inversiones financieras a L/P', 'ACTIVO_NO_CORRIENTE', 0, NULL),
	(181, 2, 'Balance', 1, 'NEGRITAFINA', 'VI. Activos por impuesto diferido', 0, '474', 'ANC60', 0, 0, 0, 'Activos por impuesto diferido', 'ACTIVO_NO_CORRIENTE', 0, NULL),
	(182, 2, 'Balance', 1, 'NEGRITAFINA', 'VII. Deudores comerciales no corrientes', 0, '0', 'ANC70', 0, 0, 0, 'Proveedores a L/P', 'ACTIVO_NO_CORRIENTE', 0, NULL),
	(183, 2, 'Balance', 4, 'NEGRITAGORDA', 'B) ACTIVO CORRIENTE', 3, 'AC10', 'AC', 0, 0, 0, 'ACTIVO CORRIENTE', 'ACTIVO_CORRIENTE', 0, NULL),
	(184, 2, 'Balance', 4, 'NADA', 'B) ACTIVO CORRIENTE', 3, 'AC20', 'ACTIVO  ', 0, 0, 0, 'ACTIVO CORRIENTE', 'ACTIVO_CORRIENTE', 0, NULL),
	(185, 2, 'Balance_2', 4, 'NADA', 'B) ACTIVO CORRIENTE', 3, 'AC30', 'ACTIVO  ', 0, 0, 0, 'ACTIVO CORRIENTE', 'ACTIVO_CORRIENTE', 0, NULL),
	(186, 2, 'Balance_2', 4, 'NADA', 'B) ACTIVO CORRIENTE', 3, 'AC40', 'ACTIVO  ', 0, 0, 0, 'ACTIVO CORRIENTE', 'ACTIVO_CORRIENTE', 0, NULL),
	(187, 2, 'Balance_2', 4, 'NADA', 'B) ACTIVO CORRIENTE', 3, 'AC50', 'ACTIVO  ', 0, 0, 0, 'ACTIVO CORRIENTE', 'ACTIVO_CORRIENTE', 0, NULL),
	(188, 2, 'Balance_2', 4, 'NADA', 'B) ACTIVO CORRIENTE', 3, 'AC60', 'ACTIVO  ', 0, 0, 0, 'ACTIVO CORRIENTE', 'ACTIVO_CORRIENTE', 0, NULL),
	(189, 2, 'Balance_2', 4, 'NADA', 'B) ACTIVO CORRIENTE', 3, 'AC70', 'ACTIVO  ', 0, 0, 0, 'ACTIVO CORRIENTE', 'ACTIVO_CORRIENTE', 0, NULL),
	(190, 2, 'Balance', 1, 'NEGRITAFINA', 'I. Activos no corrientes mantenidos para vta', 0, '580', 'AC10', 0, 0, 0, 'Activos no corrientes mantenidos para vta', 'ACTIVO_CORRIENTE', 0, NULL),
	(191, 2, 'Balance', 1, 'NADA', 'I. Activos no corrientes mantenidos para vta', 0, '581', 'AC10', 0, 0, 0, 'Activos no corrientes mantenidos para vta', 'ACTIVO_CORRIENTE', 0, NULL),
	(192, 2, 'Balance', 1, 'NADA', 'I. Activos no corrientes mantenidos para vta', 0, '582', 'AC10', 0, 0, 0, 'Activos no corrientes mantenidos para vta', 'ACTIVO_CORRIENTE', 0, NULL),
	(193, 2, 'Balance', 1, 'NADA', 'I. Activos no corrientes mantenidos para vta', 0, '583', 'AC10', 0, 0, 0, 'Activos no corrientes mantenidos para vta', 'ACTIVO_CORRIENTE', 0, NULL),
	(194, 2, 'Balance', 1, 'NADA', 'I. Activos no corrientes mantenidos para vta', 0, '584', 'AC10', 0, 0, 0, 'Activos no corrientes mantenidos para vta', 'ACTIVO_CORRIENTE', 0, NULL),
	(195, 2, 'Balance', 1, 'NADA', 'I. Activos no corrientes mantenidos para vta', 0, '599', 'AC10', 0, 0, 0, 'Activos no corrientes mantenidos para vta', 'ACTIVO_CORRIENTE', 0, NULL),
	(196, 2, 'Balance', 1, 'NEGRITAFINA', 'II. Existencias                          ', 0, '30', 'AC20', 0, 0, 0, 'Existencias', 'ACTIVO_CORRIENTE', 0, NULL),
	(197, 2, 'Balance', 1, 'NADA', 'II. Existencias                          ', 0, '31', 'AC20', 0, 0, 0, 'Existencias', 'ACTIVO_CORRIENTE', 0, NULL),
	(198, 2, 'Balance', 1, 'NADA', 'II. Existencias                          ', 0, '32', 'AC20', 0, 0, 0, 'Existencias', 'ACTIVO_CORRIENTE', 0, NULL),
	(199, 2, 'Balance', 1, 'NADA', 'II. Existencias                          ', 0, '33', 'AC20', 0, 0, 0, 'Existencias', 'ACTIVO_CORRIENTE', 0, NULL),
	(200, 2, 'Balance', 1, 'NADA', 'II. Existencias                          ', 0, '34', 'AC20', 0, 0, 0, 'Existencias', 'ACTIVO_CORRIENTE', 0, NULL),
	(201, 2, 'Balance', 1, 'NADA', 'II. Existencias                          ', 0, '35', 'AC20', 0, 0, 0, 'Existencias', 'ACTIVO_CORRIENTE', 0, NULL),
	(202, 2, 'Balance', 1, 'NADA', 'II. Existencias                          ', 0, '36', 'AC20', 0, 0, 0, 'Existencias', 'ACTIVO_CORRIENTE', 0, NULL),
	(203, 2, 'Balance', 1, 'NADA', 'II. Existencias                          ', 0, '39', 'AC20', 0, 0, 0, 'Existencias', 'ACTIVO_CORRIENTE', 0, NULL),
	(204, 2, 'Balance', 1, 'NADA', 'II. Existencias                          ', 0, '407', 'AC20', 0, 0, 0, 'Existencias', 'ACTIVO_CORRIENTE', 0, NULL),
	(205, 2, 'Balance', 3, 'NEGRITAFINA', 'III. Deudores ciales y otras ctas.cobrar', 2, 'AC31', 'AC30', 0, 0, 0, 'Deudores ciales y otras ctas.cobrar', 'ACTIVO_CORRIENTE', 0, NULL),
	(206, 2, 'Balance', 3, 'NADA', 'III. Deudores ciales y otras ctas.cobrar', 2, 'AC32', 'AC30', 0, 0, 0, 'Deudores ciales y otras ctas.cobrar', 'ACTIVO_CORRIENTE', 0, NULL),
	(207, 2, 'Balance', 3, 'NADA', 'III. Deudores ciales y otras ctas.cobrar', 2, 'AC33', 'AC30', 0, 0, 0, 'Deudores ciales y otras ctas.cobrar', 'ACTIVO_CORRIENTE', 0, NULL),
	(208, 2, 'Balance', 2, 'NORMALNUMERO', '1. Clientes ventas y Prestaciones Servicios', 1, 'AC31a', 'AC31', 0, 0, 0, '1. Clientes ventas y Prestaciones Servicios', 'ACTIVO_CORRIENTE', 0, NULL),
	(209, 2, 'Balance', 2, 'NADA', '1. Clientes ventas y Prestaciones Servicios', 1, 'AC31b', 'AC31', 0, 0, 0, '1. Clientes ventas y Prestaciones Servicios', 'ACTIVO_CORRIENTE', 0, NULL),
	(210, 2, 'Balance', 1, 'NORMALLETRA', 'a) Clientes vtas y prest. serv. a L/P', 0, '0', 'AC31a', 0, 0, 0, 'Proveedores a L/P', 'ACTIVO_CORRIENTE', 0, NULL),
	(211, 2, 'Balance', 1, 'NORMALLETRA', 'b) Clientes vtas y prest. serv. a C/P', 0, '430', 'AC31b', 0, 0, 0, 'Clientes vtas y prest. serv. a C/P', 'ACTIVO_CORRIENTE', 6903.61, NULL),
	(212, 2, 'Balance', 1, 'NADA', 'b) Clientes vtas y prest. serv. a C/P', 0, '431', 'AC31b', 0, 0, 0, 'Clientes vtas y prest. serv. a C/P', 'ACTIVO_CORRIENTE', 6903.61, NULL),
	(213, 2, 'Balance', 1, 'NADA', 'b) Clientes vtas y prest. serv. a C/P', 0, '432', 'AC31b', 0, 0, 0, 'Clientes vtas y prest. serv. a C/P', 'ACTIVO_CORRIENTE', 6903.61, NULL),
	(214, 2, 'Balance', 1, 'NADA', 'b) Clientes vtas y prest. serv. a C/P', 0, '433', 'AC31b', 0, 0, 0, 'Clientes vtas y prest. serv. a C/P', 'ACTIVO_CORRIENTE', 6903.61, NULL),
	(215, 2, 'Balance', 1, 'NADA', 'b) Clientes vtas y prest. serv. a C/P', 0, '434', 'AC31b', 0, 0, 0, 'Clientes vtas y prest. serv. a C/P', 'ACTIVO_CORRIENTE', 6903.61, NULL),
	(216, 2, 'Balance', 1, 'NADA', 'b) Clientes vtas y prest. serv. a C/P', 0, '435', 'AC31b', 0, 0, 0, 'Clientes vtas y prest. serv. a C/P', 'ACTIVO_CORRIENTE', 6903.61, NULL),
	(217, 2, 'Balance', 1, 'NADA', 'b) Clientes vtas y prest. serv. a C/P', 0, '436', 'AC31b', 0, 0, 0, 'Clientes vtas y prest. serv. a C/P', 'ACTIVO_CORRIENTE', 6903.61, NULL),
	(218, 2, 'Balance', 1, 'NADA', 'b) Clientes vtas y prest. serv. a C/P', 0, '437', 'AC31b', 0, 0, 0, 'Clientes vtas y prest. serv. a C/P', 'ACTIVO_CORRIENTE', 6903.61, NULL),
	(219, 2, 'Balance', 1, 'NADA', 'b) Clientes vtas y prest. serv. a C/P', 0, '490', 'AC31b', 0, 0, 0, 'Clientes vtas y prest. serv. a C/P', 'ACTIVO_CORRIENTE', 6903.61, NULL),
	(220, 2, 'Balance', 1, 'NADA', 'b) Clientes vtas y prest. serv. a C/P', 0, '493', 'AC31b', 0, 0, 0, 'Clientes vtas y prest. serv. a C/P', 'ACTIVO_CORRIENTE', 6903.61, NULL),
	(221, 2, 'Balance', 1, 'NORMALNUMERO', '2. Accionistas (socios) por desembolsos exig.', 0, '5580', 'AC32', 0, 0, 0, '2. Accionistas (socios) por desembolsos exig.', 'ACTIVO_CORRIENTE', 0, NULL),
	(222, 2, 'Balance', 1, 'NORMALNUMERO', '3. Otros deudores', 0, '44', 'AC33', 0, 0, 0, '3. Otros deudores', 'ACTIVO_CORRIENTE', 23113.97, NULL),
	(223, 2, 'Balance', 1, 'NADA', '3. Otros deudores', 0, '460', 'AC33', 0, 0, 0, '3. Otros deudores', 'ACTIVO_CORRIENTE', 23113.97, NULL),
	(224, 2, 'Balance', 1, 'NADA', '3. Otros deudores', 0, '470', 'AC33', 0, 0, 0, '3. Otros deudores', 'ACTIVO_CORRIENTE', 23113.97, NULL),
	(225, 2, 'Balance', 1, 'NADA', '3. Otros deudores', 0, '471', 'AC33', 0, 0, 0, '3. Otros deudores', 'ACTIVO_CORRIENTE', 23113.97, NULL),
	(226, 2, 'Balance', 1, 'NADA', '3. Otros deudores', 0, '472', 'AC33', 0, 0, 0, '3. Otros deudores', 'ACTIVO_CORRIENTE', 23113.97, NULL),
	(227, 2, 'Balance', 1, 'NADA', '3. Otros deudores', 0, '473', 'AC33', 0, 0, 0, '3. Otros deudores', 'ACTIVO_CORRIENTE', 23113.97, NULL),
	(228, 2, 'Balance', 1, 'NADA', '3. Otros deudores', 0, '544', 'AC33', 0, 0, 0, '3. Otros deudores', 'ACTIVO_CORRIENTE', 23113.97, NULL),
	(229, 2, 'Balance', 1, 'NADA', '3. Otros deudores', 0, '550', 'AC33', 0, 0, 0, '3. Otras deudas a C/P', 'ACTIVO_CORRIENTE', 23113.97, NULL),
	(230, 2, 'Balance', 1, 'NADA', '3. Otros deudores', 0, '5531', 'AC33', 0, 0, 0, '3. Otros deudores', 'ACTIVO_CORRIENTE', 23113.97, NULL),
	(231, 2, 'Balance', 1, 'NADA', '3. Otros deudores', 0, '5533', 'AC33', 0, 0, 0, '3. Otros deudores', 'ACTIVO_CORRIENTE', 23113.97, NULL),
	(232, 2, 'Balance', 1, 'NADA', '3. Otros deudores', 0, '554', 'AC33', 0, 0, 0, '3. Otras deudas a C/P', 'ACTIVO_CORRIENTE', 23113.97, NULL),
	(233, 2, 'Balance', 1, 'NEGRITAFINA', 'IV. Invers. empresas grupo y asociadas a C/P', 0, '5303', 'AC40', 0, 0, 0, 'Invers. empresas grupo y asociadas a C/P', 'ACTIVO_CORRIENTE', 0, NULL),
	(234, 2, 'Balance', 1, 'NADA', 'IV. Invers. empresas grupo y asociadas a C/P', 0, '5304', 'AC40', 0, 0, 0, 'Invers. empresas grupo y asociadas a C/P', 'ACTIVO_CORRIENTE', 0, NULL),
	(235, 2, 'Balance', 1, 'NADA', 'IV. Invers. empresas grupo y asociadas a C/P', 0, '5313', 'AC40', 0, 0, 0, 'Invers. empresas grupo y asociadas a C/P', 'ACTIVO_CORRIENTE', 0, NULL),
	(236, 2, 'Balance', 1, 'NADA', 'IV. Invers. empresas grupo y asociadas a C/P', 0, '5314', 'AC40', 0, 0, 0, 'Invers. empresas grupo y asociadas a C/P', 'ACTIVO_CORRIENTE', 0, NULL),
	(237, 2, 'Balance', 1, 'NADA', 'IV. Invers. empresas grupo y asociadas a C/P', 0, '5323', 'AC40', 0, 0, 0, 'Invers. empresas grupo y asociadas a C/P', 'ACTIVO_CORRIENTE', 0, NULL),
	(238, 2, 'Balance', 1, 'NADA', 'IV. Invers. empresas grupo y asociadas a C/P', 0, '5324', 'AC40', 0, 0, 0, 'Invers. empresas grupo y asociadas a C/P', 'ACTIVO_CORRIENTE', 0, NULL),
	(239, 2, 'Balance', 1, 'NADA', 'IV. Invers. empresas grupo y asociadas a C/P', 0, '5333', 'AC40', 0, 0, 0, 'Invers. empresas grupo y asociadas a C/P', 'ACTIVO_CORRIENTE', 0, NULL),
	(240, 2, 'Balance', 1, 'NADA', 'IV. Invers. empresas grupo y asociadas a C/P', 0, '5334', 'AC40', 0, 0, 0, 'Invers. empresas grupo y asociadas a C/P', 'ACTIVO_CORRIENTE', 0, NULL),
	(241, 2, 'Balance', 1, 'NADA', 'IV. Invers. empresas grupo y asociadas a C/P', 0, '5343', 'AC40', 0, 0, 0, 'Invers. empresas grupo y asociadas a C/P', 'ACTIVO_CORRIENTE', 0, NULL),
	(242, 2, 'Balance', 1, 'NADA', 'IV. Invers. empresas grupo y asociadas a C/P', 0, '5344', 'AC40', 0, 0, 0, 'Invers. empresas grupo y asociadas a C/P', 'ACTIVO_CORRIENTE', 0, NULL),
	(243, 2, 'Balance', 1, 'NADA', 'IV. Invers. empresas grupo y asociadas a C/P', 0, '5353', 'AC40', 0, 0, 0, 'Invers. empresas grupo y asociadas a C/P', 'ACTIVO_CORRIENTE', 0, NULL),
	(244, 2, 'Balance', 1, 'NADA', 'IV. Invers. empresas grupo y asociadas a C/P', 0, '5354', 'AC40', 0, 0, 0, 'Invers. empresas grupo y asociadas a C/P', 'ACTIVO_CORRIENTE', 0, NULL),
	(245, 2, 'Balance', 1, 'NADA', 'IV. Invers. empresas grupo y asociadas a C/P', 0, '5393', 'AC40', 0, 0, 0, 'Invers. empresas grupo y asociadas a C/P', 'ACTIVO_CORRIENTE', 0, NULL),
	(246, 2, 'Balance', 1, 'NADA', 'IV. Invers. empresas grupo y asociadas a C/P', 0, '5394', 'AC40', 0, 0, 0, 'Invers. empresas grupo y asociadas a C/P', 'ACTIVO_CORRIENTE', 0, NULL),
	(247, 2, 'Balance', 1, 'NADA', 'IV. Invers. empresas grupo y asociadas a C/P', 0, '5523', 'AC40', 0, 0, 0, 'Deudas con emp. grupo y asociadas a C/P', 'ACTIVO_CORRIENTE', 0, NULL),
	(248, 2, 'Balance', 1, 'NADA', 'IV. Invers. empresas grupo y asociadas a C/P', 0, '5524', 'AC40', 0, 0, 0, 'Deudas con emp. grupo y asociadas a C/P', 'ACTIVO_CORRIENTE', 0, NULL),
	(249, 2, 'Balance', 1, 'NADA', 'IV. Invers. empresas grupo y asociadas a C/P', 0, '593', 'AC40', 0, 0, 0, 'Invers. empresas grupo y asociadas a C/P', 'ACTIVO_CORRIENTE', 0, NULL),
	(250, 2, 'Balance', 1, 'NADA', 'IV. Invers. empresas grupo y asociadas a C/P', 0, '5943', 'AC40', 0, 0, 0, 'Invers. empresas grupo y asociadas a C/P', 'ACTIVO_CORRIENTE', 0, NULL),
	(251, 2, 'Balance', 1, 'NADA', 'IV. Invers. empresas grupo y asociadas a C/P', 0, '5944', 'AC40', 0, 0, 0, 'Invers. empresas grupo y asociadas a C/P', 'ACTIVO_CORRIENTE', 0, NULL),
	(252, 2, 'Balance', 1, 'NADA', 'IV. Invers. empresas grupo y asociadas a C/P', 0, '5953', 'AC40', 0, 0, 0, 'Invers. empresas grupo y asociadas a C/P', 'ACTIVO_CORRIENTE', 0, NULL),
	(253, 2, 'Balance', 1, 'NADA', 'IV. Invers. empresas grupo y asociadas a C/P', 0, '5954', 'AC40', 0, 0, 0, 'Invers. empresas grupo y asociadas a C/P', 'ACTIVO_CORRIENTE', 0, NULL),
	(254, 2, 'Balance', 1, 'NEGRITAFINA', 'V. Inversiones financieras a C/P', 0, '5305', 'AC50', 0, 0, 0, ' Inversiones financieras a C/P', 'ACTIVO_CORRIENTE', 0, NULL),
	(255, 2, 'Balance', 1, 'NADA', 'V. Inversiones financieras a C/P', 0, '5315', 'AC50', 0, 0, 0, ' Inversiones financieras a C/P', 'ACTIVO_CORRIENTE', 0, NULL),
	(256, 2, 'Balance', 1, 'NADA', 'V. Inversiones financieras a C/P', 0, '5325', 'AC50', 0, 0, 0, ' Inversiones financieras a C/P', 'ACTIVO_CORRIENTE', 0, NULL),
	(257, 2, 'Balance', 1, 'NADA', 'V. Inversiones financieras a C/P', 0, '5335', 'AC50', 0, 0, 0, ' Inversiones financieras a C/P', 'ACTIVO_CORRIENTE', 0, NULL),
	(258, 2, 'Balance', 1, 'NADA', 'V. Inversiones financieras a C/P', 0, '5345', 'AC50', 0, 0, 0, ' Inversiones financieras a C/P', 'ACTIVO_CORRIENTE', 0, NULL),
	(259, 2, 'Balance', 1, 'NADA', 'V. Inversiones financieras a C/P', 0, '5355', 'AC50', 0, 0, 0, ' Inversiones financieras a C/P', 'ACTIVO_CORRIENTE', 0, NULL),
	(260, 2, 'Balance', 1, 'NADA', 'V. Inversiones financieras a C/P', 0, '5395', 'AC50', 0, 0, 0, ' Inversiones financieras a C/P', 'ACTIVO_CORRIENTE', 0, NULL),
	(261, 2, 'Balance', 1, 'NADA', 'V. Inversiones financieras a C/P', 0, '540', 'AC50', 0, 0, 0, ' Inversiones financieras a C/P', 'ACTIVO_CORRIENTE', 0, NULL),
	(262, 2, 'Balance', 1, 'NADA', 'V. Inversiones financieras a C/P', 0, '541', 'AC50', 0, 0, 0, ' Inversiones financieras a C/P', 'ACTIVO_CORRIENTE', 0, NULL),
	(263, 2, 'Balance', 1, 'NADA', 'V. Inversiones financieras a C/P', 0, '542', 'AC50', 0, 0, 0, ' Inversiones financieras a C/P', 'ACTIVO_CORRIENTE', 0, NULL),
	(264, 2, 'Balance', 1, 'NADA', 'V. Inversiones financieras a C/P', 0, '543', 'AC50', 0, 0, 0, ' Inversiones financieras a C/P', 'ACTIVO_CORRIENTE', 0, NULL),
	(265, 2, 'Balance', 1, 'NADA', 'V. Inversiones financieras a C/P', 0, '545', 'AC50', 0, 0, 0, ' Inversiones financieras a C/P', 'ACTIVO_CORRIENTE', 0, NULL),
	(266, 2, 'Balance', 1, 'NADA', 'V. Inversiones financieras a C/P', 0, '546', 'AC50', 0, 0, 0, ' Inversiones financieras a C/P', 'ACTIVO_CORRIENTE', 0, NULL),
	(267, 2, 'Balance', 1, 'NADA', 'V. Inversiones financieras a C/P', 0, '547', 'AC50', 0, 0, 0, ' Inversiones financieras a C/P', 'ACTIVO_CORRIENTE', 0, NULL),
	(268, 2, 'Balance', 1, 'NADA', 'V. Inversiones financieras a C/P', 0, '548', 'AC50', 0, 0, 0, ' Inversiones financieras a C/P', 'ACTIVO_CORRIENTE', 0, NULL),
	(269, 2, 'Balance', 1, 'NADA', 'V. Inversiones financieras a C/P', 0, '549', 'AC50', 0, 0, 0, ' Inversiones financieras a C/P', 'ACTIVO_CORRIENTE', 0, NULL),
	(270, 2, 'Balance', 1, 'NADA', 'V. Inversiones financieras a C/P', 0, '551', 'AC50', 0, 0, 0, '3. Otras deudas a C/P', 'ACTIVO_CORRIENTE', 0, NULL),
	(271, 2, 'Balance', 1, 'NADA', 'V. Inversiones financieras a C/P', 0, '5525', 'AC50', 0, 0, 0, '3. Otras deudas a C/P', 'ACTIVO_CORRIENTE', 0, NULL),
	(272, 2, 'Balance', 1, 'NADA', 'V. Inversiones financieras a C/P', 0, '5590', 'AC50', 0, 0, 0, ' Inversiones financieras a C/P', 'ACTIVO_CORRIENTE', 0, NULL),
	(273, 2, 'Balance', 1, 'NADA', 'V. Inversiones financieras a C/P', 0, '5593', 'AC50', 0, 0, 0, ' Inversiones financieras a C/P', 'ACTIVO_CORRIENTE', 0, NULL),
	(274, 2, 'Balance', 1, 'NADA', 'V. Inversiones financieras a C/P', 0, '565', 'AC50', 0, 0, 0, ' Inversiones financieras a C/P', 'ACTIVO_CORRIENTE', 0, NULL),
	(275, 2, 'Balance', 1, 'NADA', 'V. Inversiones financieras a C/P', 0, '566', 'AC50', 0, 0, 0, ' Inversiones financieras a C/P', 'ACTIVO_CORRIENTE', 0, NULL),
	(276, 2, 'Balance', 1, 'NADA', 'V. Inversiones financieras a C/P', 0, '5945', 'AC50', 0, 0, 0, ' Inversiones financieras a C/P', 'ACTIVO_CORRIENTE', 0, NULL),
	(277, 2, 'Balance', 1, 'NADA', 'V. Inversiones financieras a C/P', 0, '5955', 'AC50', 0, 0, 0, ' Inversiones financieras a C/P', 'ACTIVO_CORRIENTE', 0, NULL),
	(278, 2, 'Balance', 1, 'NADA', 'V. Inversiones financieras a C/P', 0, '597', 'AC50', 0, 0, 0, ' Inversiones financieras a C/P', 'ACTIVO_CORRIENTE', 0, NULL),
	(279, 2, 'Balance', 1, 'NADA', 'V. Inversiones financieras a C/P', 0, '598', 'AC50', 0, 0, 0, ' Inversiones financieras a C/P', 'ACTIVO_CORRIENTE', 0, NULL),
	(280, 2, 'Balance', 1, 'NEGRITAFINA', 'VI. Periodificaciones a C/P', 0, '480', 'AC60', 0, 0, 0, 'Periodificaciones a C/P', 'ACTIVO_CORRIENTE', 0, NULL),
	(281, 2, 'Balance', 1, 'NADA', 'VI. Periodificaciones a C/P', 0, '567', 'AC60', 0, 0, 0, 'Periodificaciones a C/P', 'ACTIVO_CORRIENTE', 0, NULL),
	(282, 2, 'Balance', 1, 'NEGRITAFINA', 'VII. Efectivo y otros activos líquidos equiv.', 0, '57', 'AC70', 0, 0, 0, 'Efectivo y otros activos líquidos equiv.', 'ACTIVO_CORRIENTE', 0, NULL),
	(283, 2, 'Balance', 5, 'NEGRITAGORDA', 'TOTAL  ACTIVO (A + B)', 4, 'AC', 'TOTAL_AB', 0, 0, 0, 'TOTAL ACTIVO (A + B)', 'TOTAL_AB', 0, NULL),
	(284, 2, 'Balance', 5, 'NADA', 'TOTAL  ACTIVO (A + B)', 4, 'ANC', 'ACTIVO  ', 0, 0, 0, 'TOTAL ACTIVO (A + B)', 'TOTAL_AB', 0, NULL),
	(285, 2, 'Balance', 1, 'ROTULO', 'PATRIMONIO NETO Y PASIVO', 0, 'PN', 'PASIVO', 0, 0, 0, 'TOTAL PATRIMONIO NETO Y PASIVO (A+B+C)', 'PATRIMONIO_NETO', 231414.193, NULL),
	(286, 2, 'Balance', 4, 'NEGRITAGORDA', 'A) PATRIMONIO NETO', 3, 'PNA1', 'PN', 0, 0, 0, 'PATRIMONIO NETO', 'PATRIMONIO_NETO', 231414.193, NULL),
	(287, 2, 'Balance', 4, 'NADA', 'A) PATRIMONIO NETO', 3, 'PNA20', 'PASIVO', 0, 0, 0, 'PATRIMONIO NETO', 'PATRIMONIO_NETO', 231414.193, NULL),
	(288, 2, 'Balance', 4, 'NADA', 'A) PATRIMONIO NETO', 3, 'PNA30', 'PASIVO', 0, 0, 0, 'PATRIMONIO NETO', 'PATRIMONIO_NETO', 231414.193, NULL),
	(289, 2, 'Balance', 4, 'NADA', 'A) PATRIMONIO NETO', 3, 'PNA40', 'PASIVO', 0, 0, 0, 'PATRIMONIO NETO', 'PATRIMONIO_NETO', 231414.193, NULL),
	(290, 2, 'Balance', 3, 'NEGRITAMEDIA', 'A-1) Fondos propios', 2, 'PNA11', 'PASIVO', 0, 0, 0, 'A-1) Fondos propios', 'PATRIMONIO_NETO', 231414.193, NULL),
	(291, 2, 'Balance', 3, 'NADA', 'A-1) Fondos propios', 2, 'PNA12', 'PASIVO', 0, 0, 0, 'A-1) Fondos propios', 'PATRIMONIO_NETO', 231414.193, NULL),
	(292, 2, 'Balance', 3, 'NADA', 'A-1) Fondos propios', 2, 'PNA13', 'PASIVO', 0, 0, 0, 'A-1) Fondos propios', 'PATRIMONIO_NETO', 231414.193, NULL),
	(293, 2, 'Balance', 3, 'NADA', 'A-1) Fondos propios', 2, 'PNA14', 'PASIVO', 0, 0, 0, 'A-1) Fondos propios', 'PATRIMONIO_NETO', 231414.193, NULL),
	(294, 2, 'Balance', 3, 'NADA', 'A-1) Fondos propios', 2, 'PNA15', 'PASIVO', 0, 0, 0, 'A-1) Fondos propios', 'PATRIMONIO_NETO', 231414.193, NULL),
	(295, 2, 'Balance', 3, 'NADA', 'A-1) Fondos propios', 2, 'PNA16', 'PASIVO', 0, 0, 0, 'A-1) Fondos propios', 'PATRIMONIO_NETO', 231414.193, NULL),
	(296, 2, 'Balance', 3, 'NADA', 'A-1) Fondos propios', 2, 'PNA17', 'PASIVO', 0, 0, 0, 'A-1) Fondos propios', 'PATRIMONIO_NETO', 231414.193, NULL),
	(297, 2, 'Balance', 3, 'NADA', 'A-1) Fondos propios', 2, 'PNA18', 'PASIVO', 0, 0, 0, 'A-1) Fondos propios', 'PATRIMONIO_NETO', 231414.193, NULL),
	(298, 2, 'Balance', 3, 'NADA', 'A-1) Fondos propios', 2, 'PNA19', 'PASIVO', 0, 0, 0, 'A-1) Fondos propios', 'PATRIMONIO_NETO', 231414.193, NULL),
	(299, 2, 'Balance', 2, 'NEGRITAFINA', 'I. Capital', 1, '\'100\',\'101\',\'102\'', 'PNA1', 0, 0, 0, NULL, 'PATRIMONIO_NETO', 0, '(NULL)'),
	(300, 2, 'Balance', 2, 'NADA', 'I. Capital', 1, 'PNA112', 'PNA1', 0, 0, 0, 'Capital', 'PATRIMONIO_NETO', 0, NULL),
	(301, 2, 'Balance', 1, 'NORMALNUMERO', '1. Capital escriturado', 0, '100', 'PNA111', 0, 0, 0, '1. Capital escriturado', 'PATRIMONIO_NETO', 0, NULL),
	(302, 2, 'Balance', 1, 'NADA', '1. Capital escriturado', 0, '101', 'PNA111', 0, 0, 0, '1. Capital escriturado', 'PATRIMONIO_NETO', 0, NULL),
	(303, 2, 'Balance', 1, 'NADA', '1. Capital escriturado', 0, '102', 'PNA111', 0, 0, 0, '1. Capital escriturado', 'PATRIMONIO_NETO', 0, NULL),
	(304, 2, 'Balance', 1, 'NORMALNUMERO', '2.(Capital no exigido)', 0, '1030', 'PNA112', 0, 0, 0, '2.(Capital no exigido)', 'PATRIMONIO_NETO', 88, NULL),
	(305, 2, 'Balance', 1, 'NADA', '2.(Capital no exigido)', 0, '1040', 'PNA112', 0, 0, 0, '2.(Capital no exigido)', 'PATRIMONIO_NETO', 88, NULL),
	(306, 2, 'Balance', 1, 'NEGRITAFINA', 'II. Prima de Emisión', 0, '110', 'PNA2', 0, 0, 0, 'Prima de Emisión', 'PATRIMONIO_NETO', 0, NULL),
	(307, 2, 'Balance', 2, 'NEGRITAFINA', 'III. Reservas', 1, '\'112\',\'113\',\'114\',\'115\',\'119\',\'850\',\'851\',\'950\',\'951\'', 'PNA3', 0, 0, 0, NULL, 'PATRIMONIO_NETO', 0, '1'),
	(308, 2, 'Balance', 2, 'NADA', 'III. Reservas', 1, 'PNA132', 'PNA3', 0, 0, 0, 'Reservas', 'PATRIMONIO_NETO', 0, NULL),
	(309, 2, 'Balance', 1, 'NORMALNUMERO', '1. Reservas', 0, '112', 'PNA131', 0, 0, 0, '1. Reservas', 'PATRIMONIO_NETO', 0, NULL),
	(310, 2, 'Balance', 1, 'NADA', '1. Reservas', 0, '113', 'PNA131', 0, 0, 0, '1. Reservas', 'PATRIMONIO_NETO', 0, NULL),
	(311, 2, 'Balance', 1, 'NADA', '1. Reservas', 0, '114', 'PNA131', 0, 0, 0, '1. Reservas', 'PATRIMONIO_NETO', 0, NULL),
	(312, 2, 'Balance', 1, 'NADA', '1. Reservas', 0, '115', 'PNA131', 0, 0, 0, '1. Reservas', 'PATRIMONIO_NETO', 0, NULL),
	(313, 2, 'Balance', 1, 'NADA', '1. Reservas', 0, '119', 'PNA131', 0, 0, 0, '1. Reservas', 'PATRIMONIO_NETO', 0, NULL),
	(314, 2, 'Balance', 1, 'NORMALNUMERO', '2. Reservas pendiente de cierre', 0, '850', 'PNA132', 0, 0, 0, '2. Reservas pendiente de cierre', 'PATRIMONIO_NETO', 0, NULL),
	(315, 2, 'Balance', 1, 'NADA', '2. Reservas pendiente de cierre', 0, '851', 'PNA132', 0, 0, 0, '2. Reservas pendiente de cierre', 'PATRIMONIO_NETO', 0, NULL),
	(316, 2, 'Balance', 1, 'NADA', '2. Reservas pendiente de cierre', 0, '950', 'PNA132', 0, 0, 0, '2. Reservas pendiente de cierre', 'PATRIMONIO_NETO', 0, NULL),
	(317, 2, 'Balance', 1, 'NADA', '2. Reservas pendiente de cierre', 0, '951', 'PNA132', 0, 0, 0, '2. Reservas pendiente de cierre', 'PATRIMONIO_NETO', 0, NULL),
	(318, 2, 'Balance', 1, 'NEGRITAFINA', 'IV. (Acciones y particip. patrimonio propias)', 0, '\'108\',\'109\'', 'PNA4', 0, 0, 0, NULL, 'PATRIMONIO_NETO', 0, '1'),
	(319, 2, 'Balance', 1, 'NADA', 'IV. (Acciones y particip. patrimonio propias)', 0, '109', 'PNA4', 0, 0, 0, '(Acciones y particip. patrimonio propias)', 'PATRIMONIO_NETO', 0, NULL),
	(320, 2, 'Balance', 1, 'NEGRITAFINA', 'V. Resultados Ejercicios Anteriores', 0, '\'120\',\'121\'', 'PNA5', 0, 0, 0, NULL, 'PATRIMONIO_NETO', -12, '1'),
	(321, 2, 'Balance', 1, 'NADA', 'V. Resultados Ejercicios Anteriores', 0, '121', 'PNA5', 0, 0, 0, ' Resultados Ejercicios Anteriores', 'PATRIMONIO_NETO', -12, NULL),
	(322, 2, 'Balance', 1, 'NEGRITAFINA', 'VI. Otras aportaciones de socios', 0, '118', 'PNA6', 0, 0, 0, 'Otras aportaciones de socios', 'PATRIMONIO_NETO', -880, NULL),
	(323, 2, 'Balance', 2, 'NEGRITAFINA', 'VII. Resultado del ejercicio', 1, '\'129\',\'6\',\'7\'', 'PNA7', 0, 0, 0, NULL, 'PATRIMONIO_NETO', 0, '1'),
	(324, 2, 'Balance', 2, 'NADA', 'VII. Resultado del ejercicio', 1, 'PNA172', 'PNA7', 0, 0, 0, 'Resultado del ejercicio', 'PATRIMONIO_NETO', 0, NULL),
	(325, 2, 'Balance', 1, 'NORMALFINA', 'Cuenta Perd. y Ganancias (129)', 0, '129', 'PASIVO  ', 0, 0, 0, 'Cuenta Perd. y Ganancias (129)', 'PATRIMONIO_NETO', 231414.193, NULL),
	(326, 2, 'Balance', 1, 'NORMALFINA', 'Ingresos/Gastos pendiente cierre', 0, '6', 'PASIVO', 0, 0, 0, 'Ingresos/Gastos pendiente cierre', 'PATRIMONIO_NETO', 231414.193, NULL),
	(327, 2, 'Balance', 1, 'NADA', 'Ingresos/Gastos pendiente cierre', 0, '7', 'PASIVO', 0, 0, 0, 'Ingresos/Gastos pendiente cierre', 'PATRIMONIO_NETO', 231414.193, NULL),
	(328, 2, 'Balance', 1, 'NEGRITAFINA', 'VIII. (Dividendo a Cuenta)', 0, '\'557\'', 'PNA181', 0, 0, 0, NULL, 'PATRIMONIO_NETO', 0, '1'),
	(329, 2, 'Balance', 1, 'NEGRITAFINA', 'IX. Otros instrumentos de patrimonio neto', 0, '\'111\'', 'PNA191', 0, 0, 0, NULL, 'PATRIMONIO_NETO', 0, '1'),
	(330, 2, 'Balance', 2, 'NEGRITAMEDIA', 'A-2) Ajustes por cambio de valor', 1, 'PNA201', 'PASIVO', 0, 0, 0, 'A-2) Ajustes por cambio de valor', 'PATRIMONIO_NETO', 231414.193, NULL),
	(331, 2, 'Balance', 2, 'NADA', 'A-2) Ajustes por cambio de valor', 1, 'PNA202', 'PASIVO', 0, 0, 0, 'A-2) Ajustes por cambio de valor', 'PATRIMONIO_NETO', 231414.193, NULL),
	(332, 2, 'Balance', 1, 'NEGRITANUMERO', '1. Ajustes por cambio valor', 0, '133', 'PNA201', 0, 0, 0, '1. Ajustes por cambio valor', 'PATRIMONIO_NETO', 0, NULL),
	(333, 2, 'Balance', 1, 'NADA', '1. Ajustes por cambio valor', 0, '134', 'PNA201', 0, 0, 0, '1. Ajustes por cambio valor', 'PATRIMONIO_NETO', 0, NULL),
	(334, 2, 'Balance', 1, 'NADA', '1. Ajustes por cambio valor', 0, '135', 'PNA201', 0, 0, 0, '1. Ajustes por cambio valor', 'PATRIMONIO_NETO', 0, NULL),
	(335, 2, 'Balance', 1, 'NADA', '1. Ajustes por cambio valor', 0, '136', 'PNA201', 0, 0, 0, '1. Ajustes por cambio valor', 'PATRIMONIO_NETO', 0, NULL),
	(336, 2, 'Balance', 1, 'NADA', '1. Ajustes por cambio valor', 0, '137', 'PNA201', 0, 0, 0, '1. Ajustes por cambio valor', 'PATRIMONIO_NETO', 0, NULL),
	(337, 2, 'Balance', 1, 'NEGRITANUMERO', '2. Ajustes por cambio valor pendiente cierre', 0, '800', 'PNA202', 0, 0, 0, '2. Ajustes por cambio valor pendiente cierre', 'PATRIMONIO_NETO', 0, NULL),
	(338, 2, 'Balance', 1, 'NADA', '2. Ajustes por cambio valor pendiente cierre', 0, '801', 'PNA202', 0, 0, 0, '2. Ajustes por cambio valor pendiente cierre', 'PATRIMONIO_NETO', 0, NULL),
	(339, 2, 'Balance', 1, 'NADA', '2. Ajustes por cambio valor pendiente cierre', 0, '802', 'PNA202', 0, 0, 0, '2. Ajustes por cambio valor pendiente cierre', 'PATRIMONIO_NETO', 0, NULL),
	(340, 2, 'Balance', 1, 'NADA', '2. Ajustes por cambio valor pendiente cierre', 0, '803', 'PNA202', 0, 0, 0, '2. Ajustes por cambio valor pendiente cierre', 'PATRIMONIO_NETO', 0, NULL),
	(341, 2, 'Balance', 1, 'NADA', '2. Ajustes por cambio valor pendiente cierre', 0, '810', 'PNA202', 0, 0, 0, '2. Ajustes por cambio valor pendiente cierre', 'PATRIMONIO_NETO', 0, NULL),
	(342, 2, 'Balance', 1, 'NADA', '2. Ajustes por cambio valor pendiente cierre', 0, '811', 'PNA202', 0, 0, 0, '2. Ajustes por cambio valor pendiente cierre', 'PATRIMONIO_NETO', 0, NULL),
	(343, 2, 'Balance', 1, 'NADA', '2. Ajustes por cambio valor pendiente cierre', 0, '812', 'PNA202', 0, 0, 0, '2. Ajustes por cambio valor pendiente cierre', 'PATRIMONIO_NETO', 0, NULL),
	(344, 2, 'Balance', 1, 'NADA', '2. Ajustes por cambio valor pendiente cierre', 0, '813', 'PNA202', 0, 0, 0, '2. Ajustes por cambio valor pendiente cierre', 'PATRIMONIO_NETO', 0, NULL),
	(345, 2, 'Balance', 1, 'NADA', '2. Ajustes por cambio valor pendiente cierre', 0, '820', 'PNA202', 0, 0, 0, '2. Ajustes por cambio valor pendiente cierre', 'PATRIMONIO_NETO', 0, NULL),
	(346, 2, 'Balance', 1, 'NADA', '2. Ajustes por cambio valor pendiente cierre', 0, '821', 'PNA202', 0, 0, 0, '2. Ajustes por cambio valor pendiente cierre', 'PATRIMONIO_NETO', 0, NULL),
	(347, 2, 'Balance', 1, 'NADA', '2. Ajustes por cambio valor pendiente cierre', 0, '830', 'PNA202', 0, 0, 0, '2. Ajustes por cambio valor pendiente cierre', 'PATRIMONIO_NETO', 0, NULL),
	(348, 2, 'Balance', 1, 'NADA', '2. Ajustes por cambio valor pendiente cierre', 0, '833', 'PNA202', 0, 0, 0, '2. Ajustes por cambio valor pendiente cierre', 'PATRIMONIO_NETO', 0, NULL),
	(349, 2, 'Balance', 1, 'NADA', '2. Ajustes por cambio valor pendiente cierre', 0, '834', 'PNA202', 0, 0, 0, '2. Ajustes por cambio valor pendiente cierre', 'PATRIMONIO_NETO', 0, NULL),
	(350, 2, 'Balance', 1, 'NADA', '2. Ajustes por cambio valor pendiente cierre', 0, '835', 'PNA202', 0, 0, 0, '2. Ajustes por cambio valor pendiente cierre', 'PATRIMONIO_NETO', 0, NULL),
	(351, 2, 'Balance', 1, 'NADA', '2. Ajustes por cambio valor pendiente cierre', 0, '836', 'PNA202', 0, 0, 0, '2. Ajustes por cambio valor pendiente cierre', 'PATRIMONIO_NETO', 0, NULL),
	(352, 2, 'Balance', 1, 'NADA', '2. Ajustes por cambio valor pendiente cierre', 0, '837', 'PNA202', 0, 0, 0, '2. Ajustes por cambio valor pendiente cierre', 'PATRIMONIO_NETO', 0, NULL),
	(353, 2, 'Balance', 1, 'NADA', '2. Ajustes por cambio valor pendiente cierre', 0, '838', 'PNA202', 0, 0, 0, '2. Ajustes por cambio valor pendiente cierre', 'PATRIMONIO_NETO', 0, NULL),
	(354, 2, 'Balance', 1, 'NADA', '2. Ajustes por cambio valor pendiente cierre', 0, '860', 'PNA202', 0, 0, 0, '2. Ajustes por cambio valor pendiente cierre', 'PATRIMONIO_NETO', 0, NULL),
	(355, 2, 'Balance', 1, 'NADA', '2. Ajustes por cambio valor pendiente cierre', 0, '862', 'PNA202', 0, 0, 0, '2. Ajustes por cambio valor pendiente cierre', 'PATRIMONIO_NETO', 0, NULL),
	(356, 2, 'Balance', 1, 'NADA', '2. Ajustes por cambio valor pendiente cierre', 0, '890', 'PNA202', 0, 0, 0, '2. Ajustes por cambio valor pendiente cierre', 'PATRIMONIO_NETO', 0, NULL),
	(357, 2, 'Balance', 1, 'NADA', '2. Ajustes por cambio valor pendiente cierre', 0, '891', 'PNA202', 0, 0, 0, '2. Ajustes por cambio valor pendiente cierre', 'PATRIMONIO_NETO', 0, NULL),
	(358, 2, 'Balance', 1, 'NADA', '2. Ajustes por cambio valor pendiente cierre', 0, '892', 'PNA202', 0, 0, 0, '2. Ajustes por cambio valor pendiente cierre', 'PATRIMONIO_NETO', 0, NULL),
	(359, 2, 'Balance', 1, 'NADA', '2. Ajustes por cambio valor pendiente cierre', 0, '900', 'PNA202', 0, 0, 0, '2. Ajustes por cambio valor pendiente cierre', 'PATRIMONIO_NETO', 0, NULL),
	(360, 2, 'Balance', 1, 'NADA', '2. Ajustes por cambio valor pendiente cierre', 0, '901', 'PNA202', 0, 0, 0, '2. Ajustes por cambio valor pendiente cierre', 'PATRIMONIO_NETO', 0, NULL),
	(361, 2, 'Balance', 1, 'NADA', '2. Ajustes por cambio valor pendiente cierre', 0, '902', 'PNA202', 0, 0, 0, '2. Ajustes por cambio valor pendiente cierre', 'PATRIMONIO_NETO', 0, NULL),
	(362, 2, 'Balance', 1, 'NADA', '2. Ajustes por cambio valor pendiente cierre', 0, '903', 'PNA202', 0, 0, 0, '2. Ajustes por cambio valor pendiente cierre', 'PATRIMONIO_NETO', 0, NULL),
	(363, 2, 'Balance', 1, 'NADA', '2. Ajustes por cambio valor pendiente cierre', 0, '910', 'PNA202', 0, 0, 0, '2. Ajustes por cambio valor pendiente cierre', 'PATRIMONIO_NETO', 0, NULL),
	(364, 2, 'Balance', 1, 'NADA', '2. Ajustes por cambio valor pendiente cierre', 0, '911', 'PNA202', 0, 0, 0, '2. Ajustes por cambio valor pendiente cierre', 'PATRIMONIO_NETO', 0, NULL),
	(365, 2, 'Balance', 1, 'NADA', '2. Ajustes por cambio valor pendiente cierre', 0, '912', 'PNA202', 0, 0, 0, '2. Ajustes por cambio valor pendiente cierre', 'PATRIMONIO_NETO', 0, NULL),
	(366, 2, 'Balance', 1, 'NADA', '2. Ajustes por cambio valor pendiente cierre', 0, '913', 'PNA202', 0, 0, 0, '2. Ajustes por cambio valor pendiente cierre', 'PATRIMONIO_NETO', 0, NULL),
	(367, 2, 'Balance', 1, 'NADA', '2. Ajustes por cambio valor pendiente cierre', 0, '920', 'PNA202', 0, 0, 0, '2. Ajustes por cambio valor pendiente cierre', 'PATRIMONIO_NETO', 0, NULL),
	(368, 2, 'Balance', 1, 'NADA', '2. Ajustes por cambio valor pendiente cierre', 0, '921', 'PNA202', 0, 0, 0, '2. Ajustes por cambio valor pendiente cierre', 'PATRIMONIO_NETO', 0, NULL),
	(369, 2, 'Balance', 1, 'NADA', '2. Ajustes por cambio valor pendiente cierre', 0, '960', 'PNA202', 0, 0, 0, '2. Ajustes por cambio valor pendiente cierre', 'PATRIMONIO_NETO', 0, NULL),
	(370, 2, 'Balance', 1, 'NADA', '2. Ajustes por cambio valor pendiente cierre', 0, '962', 'PNA202', 0, 0, 0, '2. Ajustes por cambio valor pendiente cierre', 'PATRIMONIO_NETO', 0, NULL),
	(371, 2, 'Balance', 1, 'NADA', '2. Ajustes por cambio valor pendiente cierre', 0, '990', 'PNA202', 0, 0, 0, '2. Ajustes por cambio valor pendiente cierre', 'PATRIMONIO_NETO', 0, NULL),
	(372, 2, 'Balance', 1, 'NADA', '2. Ajustes por cambio valor pendiente cierre', 0, '991', 'PNA202', 0, 0, 0, '2. Ajustes por cambio valor pendiente cierre', 'PATRIMONIO_NETO', 0, NULL),
	(373, 2, 'Balance', 1, 'NADA', '2. Ajustes por cambio valor pendiente cierre', 0, '992', 'PNA202', 0, 0, 0, '2. Ajustes por cambio valor pendiente cierre', 'PATRIMONIO_NETO', 0, NULL),
	(374, 2, 'Balance', 1, 'NADA', '2. Ajustes por cambio valor pendiente cierre', 0, '993', 'PNA202', 0, 0, 0, '2. Ajustes por cambio valor pendiente cierre', 'PATRIMONIO_NETO', 0, NULL),
	(375, 2, 'Balance', 1, 'NADA', '2. Ajustes por cambio valor pendiente cierre', 0, '994', 'PNA202', 0, 0, 0, '2. Ajustes por cambio valor pendiente cierre', 'PATRIMONIO_NETO', 0, NULL),
	(376, 2, 'Balance', 2, 'NEGRITAMEDIA', 'A-3) Subvenciones, donacion. y legados recib.', 1, 'PNA301', 'PASIVO', 0, 0, 0, 'A-3) Subvenciones, donacion. y legados recib.', 'PATRIMONIO_NETO', 231414.193, NULL),
	(377, 2, 'Balance', 2, 'NADA', 'A-3) Subvenciones, donacion. y legados recib.', 1, 'PNA302', 'PASIVO', 0, 0, 0, 'A-3) Subvenciones, donacion. y legados recib.', 'PATRIMONIO_NETO', 231414.193, NULL),
	(378, 2, 'Balance', 1, 'NEGRITANUMERO', '1. Subvenciones, donacion. y legados recib.', 0, '130', 'PNA301', 0, 0, 0, '1. Subvenciones, donacion. y legados recib.', 'PATRIMONIO_NETO', 0, NULL),
	(379, 2, 'Balance', 1, 'NADA', '1. Subvenciones, donacion. y legados recib.', 0, '131', 'PNA301', 0, 0, 0, '1. Subvenciones, donacion. y legados recib.', 'PATRIMONIO_NETO', 0, NULL),
	(380, 2, 'Balance', 1, 'NADA', '1. Subvenciones, donacion. y legados recib.', 0, '132', 'PNA301', 0, 0, 0, '1. Subvenciones, donacion. y legados recib.', 'PATRIMONIO_NETO', 0, NULL),
	(381, 2, 'Balance', 1, 'NEGRITANUMERO', '2. Subv., donac. y legados pendiente cierre', 0, '840', 'PNA302', 0, 0, 0, '2. Subv., donac. y legados pendiente cierre', 'PATRIMONIO_NETO', 0, NULL),
	(382, 2, 'Balance', 1, 'NADA', '2. Subv., donac. y legados pendiente cierre', 0, '841', 'PNA302', 0, 0, 0, '2. Subv., donac. y legados pendiente cierre', 'PATRIMONIO_NETO', 0, NULL),
	(383, 2, 'Balance', 1, 'NADA', '2. Subv., donac. y legados pendiente cierre', 0, '842', 'PNA302', 0, 0, 0, '2. Subv., donac. y legados pendiente cierre', 'PATRIMONIO_NETO', 0, NULL),
	(384, 2, 'Balance', 1, 'NADA', '2. Subv., donac. y legados pendiente cierre', 0, '940', 'PNA302', 0, 0, 0, '2. Subv., donac. y legados pendiente cierre', 'PATRIMONIO_NETO', 0, NULL),
	(385, 2, 'Balance', 1, 'NADA', '2. Subv., donac. y legados pendiente cierre', 0, '941', 'PNA302', 0, 0, 0, '2. Subv., donac. y legados pendiente cierre', 'PATRIMONIO_NETO', 0, NULL),
	(386, 2, 'Balance', 1, 'NADA', '2. Subv., donac. y legados pendiente cierre', 0, '942', 'PNA302', 0, 0, 0, '2. Subv., donac. y legados pendiente cierre', 'PATRIMONIO_NETO', 0, NULL),
	(387, 2, 'Balance', 1, 'NEGRITAMEDIA', 'A-4) Patrimonio Neto pendiente ajustar NPGC', 0, '1391', 'PASIVO2', 0, 0, 0, 'A-4) Patrimonio Neto pendiente ajustar NPGC', 'PATRIMONIO_NETO', 0, NULL),
	(388, 2, 'Balance', 1, 'NADA', 'A-4) Patrimonio Neto pendiente ajustar NPGC', 0, '1392', 'PASIVO', 0, 0, 0, 'A-4) Patrimonio Neto pendiente ajustar NPGC', 'PATRIMONIO_NETO', 231414.193, NULL),
	(389, 2, 'Balance', 3, 'NEGRITAGORDA', 'B) PASIVO NO CORRIENTE', 2, 'PNC1', 'PNC', 0, 0, 0, 'PASIVO NO CORRIENTE', 'PASIVO_NO_CORRIENTE', 231414.193, NULL),
	(390, 2, 'Balance', 3, 'NADA', 'B) PASIVO NO CORRIENTE', 2, 'PNC2', 'PASIVO  ', 0, 0, 0, 'PASIVO NO CORRIENTE', 'PASIVO_NO_CORRIENTE', 231414.193, NULL),
	(391, 2, 'Balance', 3, 'NADA', 'B) PASIVO NO CORRIENTE', 2, 'PNC3', 'PASIVO  ', 0, 0, 0, 'PASIVO NO CORRIENTE', 'PASIVO_NO_CORRIENTE', 231414.193, NULL),
	(392, 2, 'Balance', 3, 'NADA', 'B) PASIVO NO CORRIENTE', 2, 'PNC4', 'PASIVO  ', 0, 0, 0, 'PASIVO NO CORRIENTE', 'PASIVO_NO_CORRIENTE', 231414.193, NULL),
	(393, 2, 'Balance', 3, 'NADA', 'B) PASIVO NO CORRIENTE', 2, 'PNC5', 'PASIVO  ', 0, 0, 0, 'PASIVO NO CORRIENTE', 'PASIVO_NO_CORRIENTE', 231414.193, NULL),
	(394, 2, 'Balance', 3, 'NADA', 'B) PASIVO NO CORRIENTE', 2, 'PNC6', 'PASIVO  ', 0, 0, 0, 'PASIVO NO CORRIENTE', 'PASIVO_NO_CORRIENTE', 231414.193, NULL),
	(395, 2, 'Balance', 3, 'NADA', 'B) PASIVO NO CORRIENTE', 2, 'PNC7', 'PASIVO  ', 0, 0, 0, 'PASIVO NO CORRIENTE', 'PASIVO_NO_CORRIENTE', 231414.193, NULL),
	(396, 2, 'Balance', 3, 'NADA', 'B) PASIVO NO CORRIENTE', 2, 'PNC8', 'PASIVO  ', 0, 0, 0, 'PASIVO NO CORRIENTE', 'PASIVO_NO_CORRIENTE', 231414.193, NULL),
	(397, 2, 'Balance', 1, 'NEGRITAFINA', 'I. Provisiones a L/P', 0, '14', 'PASIVO  ', 0, 0, 0, 'Provisiones a L/P', 'PASIVO_NO_CORRIENTE', 231414.193, NULL),
	(398, 2, 'Balance', 2, 'NEGRITAFINA', 'II. Deudas a L/P', 1, 'PNC21', 'PASIVO  ', 0, 0, 0, 'Deudas a L/P', 'PASIVO_NO_CORRIENTE', 231414.193, NULL),
	(399, 2, 'Balance', 2, 'NADA', 'II. Deudas a L/P', 1, 'PNC22', 'PASIVO  ', 0, 0, 0, 'Deudas a L/P', 'PASIVO_NO_CORRIENTE', 231414.193, NULL),
	(400, 2, 'Balance', 2, 'NADA', 'II. Deudas a L/P', 1, 'PNC23', 'PASIVO  ', 0, 0, 0, 'Deudas a L/P', 'PASIVO_NO_CORRIENTE', 231414.193, NULL),
	(401, 2, 'Balance', 1, 'NORMALNUMERO', '1. Deudas con entidades de crédito', 0, '1605', 'PNC21', 0, 0, 0, '1. Deudas con entidades de crédito', 'PASIVO_NO_CORRIENTE', 0, NULL),
	(402, 2, 'Balance', 1, 'NADA', '1. Deudas con entidades de crédito', 0, '170', 'PNC21', 0, 0, 0, '1. Deudas con entidades de crédito', 'PASIVO_NO_CORRIENTE', 0, NULL),
	(403, 2, 'Balance', 1, 'NORMALNUMERO', '2. Acreedores por arrendamiento financiero', 0, '1625', 'PNC22', 0, 0, 0, '2. Acreedores por arrendamiento financiero', 'PASIVO_NO_CORRIENTE', 0, NULL),
	(404, 2, 'Balance', 1, 'NADA', '2. Acreedores por arrendamiento financiero', 0, '174', 'PNC22', 0, 0, 0, '2. Acreedores por arrendamiento financiero', 'PASIVO_NO_CORRIENTE', 0, NULL),
	(405, 2, 'Balance', 1, 'NORMALNUMERO', '3. Otras deudas a L/P', 0, '1615', 'PNC23', 0, 0, 0, '3. Otras deudas a L/P', 'PASIVO_NO_CORRIENTE', 0, NULL),
	(406, 2, 'Balance', 1, 'NADA', '3. Otras deudas a L/P', 0, '1635', 'PNC23', 0, 0, 0, '3. Otras deudas a L/P', 'PASIVO_NO_CORRIENTE', 0, NULL),
	(407, 2, 'Balance', 1, 'NADA', '3. Otras deudas a L/P', 0, '171', 'PNC23', 0, 0, 0, '3. Otras deudas a L/P', 'PASIVO_NO_CORRIENTE', 0, NULL),
	(408, 2, 'Balance', 1, 'NADA', '3. Otras deudas a L/P', 0, '172', 'PNC23', 0, 0, 0, '3. Otras deudas a L/P', 'PASIVO_NO_CORRIENTE', 0, NULL),
	(409, 2, 'Balance', 1, 'NADA', '3. Otras deudas a L/P', 0, '173', 'PNC23', 0, 0, 0, '3. Otras deudas a L/P', 'PASIVO_NO_CORRIENTE', 0, NULL),
	(410, 2, 'Balance', 1, 'NADA', '3. Otras deudas a L/P', 0, '175', 'PNC23', 0, 0, 0, '3. Otras deudas a L/P', 'PASIVO_NO_CORRIENTE', 0, NULL),
	(411, 2, 'Balance', 1, 'NADA', '3. Otras deudas a L/P', 0, '176', 'PNC23', 0, 0, 0, '3. Otras deudas a L/P', 'PASIVO_NO_CORRIENTE', 0, NULL),
	(412, 2, 'Balance', 1, 'NADA', '3. Otras deudas a L/P', 0, '177', 'PNC23', 0, 0, 0, '3. Otras deudas a L/P', 'PASIVO_NO_CORRIENTE', 0, NULL),
	(413, 2, 'Balance', 1, 'NADA', '3. Otras deudas a L/P', 0, '178', 'PNC23', 0, 0, 0, '3. Otras deudas a L/P', 'PASIVO_NO_CORRIENTE', 0, NULL),
	(414, 2, 'Balance', 1, 'NADA', '3. Otras deudas a L/P', 0, '179', 'PNC23', 0, 0, 0, '3. Otras deudas a L/P', 'PASIVO_NO_CORRIENTE', 0, NULL),
	(415, 2, 'Balance', 1, 'NADA', '3. Otras deudas a L/P', 0, '180', 'PNC23', 0, 0, 0, '3. Otras deudas a L/P', 'PASIVO_NO_CORRIENTE', 0, NULL),
	(416, 2, 'Balance', 1, 'NADA', '3. Otras deudas a L/P', 0, '185', 'PNC23', 0, 0, 0, '3. Otras deudas a L/P', 'PASIVO_NO_CORRIENTE', 0, NULL),
	(417, 2, 'Balance', 1, 'NADA', '3. Otras deudas a L/P', 0, '189', 'PNC23', 0, 0, 0, '3. Otras deudas a L/P', 'PASIVO_NO_CORRIENTE', 0, NULL),
	(418, 2, 'Balance', 1, 'NEGRITAFINA', 'III. Deudas empresas grupo y asociadas a L/P', 0, '1603', 'PNC31', 0, 0, 0, 'Deudas empresas grupo y asociadas a L/P', 'PASIVO_NO_CORRIENTE', 12222, NULL),
	(419, 2, 'Balance', 1, 'NADA', 'III. Deudas empresas grupo y asociadas a L/P', 0, '1604', 'PNC31', 0, 0, 0, 'Deudas empresas grupo y asociadas a L/P', 'PASIVO_NO_CORRIENTE', 12222, NULL),
	(420, 2, 'Balance', 1, 'NADA', 'III. Deudas empresas grupo y asociadas a L/P', 0, '1613', 'PNC31', 0, 0, 0, 'Deudas empresas grupo y asociadas a L/P', 'PASIVO_NO_CORRIENTE', 12222, NULL),
	(421, 2, 'Balance', 1, 'NADA', 'III. Deudas empresas grupo y asociadas a L/P', 0, '1614', 'PNC31', 0, 0, 0, 'Deudas empresas grupo y asociadas a L/P', 'PASIVO_NO_CORRIENTE', 12222, NULL),
	(422, 2, 'Balance', 1, 'NADA', 'III. Deudas empresas grupo y asociadas a L/P', 0, '1623', 'PNC31', 0, 0, 0, 'Deudas empresas grupo y asociadas a L/P', 'PASIVO_NO_CORRIENTE', 12222, NULL),
	(423, 2, 'Balance', 1, 'NADA', 'III. Deudas empresas grupo y asociadas a L/P', 0, '1624', 'PNC31', 0, 0, 0, 'Deudas empresas grupo y asociadas a L/P', 'PASIVO_NO_CORRIENTE', 12222, NULL),
	(424, 2, 'Balance', 1, 'NADA', 'III. Deudas empresas grupo y asociadas a L/P', 0, '1633', 'PNC31', 0, 0, 0, 'Deudas empresas grupo y asociadas a L/P', 'PASIVO_NO_CORRIENTE', 12222, NULL),
	(425, 2, 'Balance', 1, 'NADA', 'III. Deudas empresas grupo y asociadas a L/P', 0, '1634', 'PNC31', 0, 0, 0, 'Deudas empresas grupo y asociadas a L/P', 'PASIVO_NO_CORRIENTE', 12222, NULL),
	(426, 2, 'Balance', 1, 'NEGRITAFINA', 'IV. Pasivos por impuesto diferido', 0, '479', 'PNC41', 0, 0, 0, 'Pasivos por impuesto diferido', 'PASIVO_NO_CORRIENTE', 0, NULL),
	(427, 2, 'Balance', 1, 'NEGRITAFINA', 'V. Periodificaciones a L/P', 0, '181', 'PNC51', 0, 0, 0, ' Periodificaciones a L/P', 'PASIVO_NO_CORRIENTE', 0, NULL),
	(428, 2, 'Balance', 1, 'NEGRITAFINA', 'VI. Acreedores comerciales no corrientes', 0, '0', 'PNC61', 0, 0, 0, 'Proveedores a L/P', 'PASIVO_NO_CORRIENTE', 0, NULL),
	(429, 2, 'Balance', 1, 'NEGRITAFINA', 'VII. Deuda caract. especiales a L/P', 0, '15', 'PNC71', 0, 0, 0, 'Deuda caract. especiales a L/P', 'PASIVO_NO_CORRIENTE', 0, NULL),
	(430, 2, 'Balance', 1, 'NADA', 'VII. Deuda caract. especiales a L/P', 0, '5585', 'PNC72', 0, 0, 0, 'Deuda caract. especiales a L/P', 'PASIVO_NO_CORRIENTE', 0, NULL),
	(431, 2, 'Balance', 1, 'NEGRITAFINA', 'VIII. Pasivo no Corriente pdte. ajustes NPGC', 0, '1393', 'PNC81', 0, 0, 0, 'Pasivo no Corriente pdte. ajustes NPGC', 'PASIVO_NO_CORRIENTE', 0, NULL),
	(432, 2, 'Balance', 1, 'NADA', 'VIII. Pasivo no Corriente pdte. ajustes NPGC', 0, '1394', 'PNC82', 0, 0, 0, 'Pasivo no Corriente pdte. ajustes NPGC', 'PASIVO_NO_CORRIENTE', 0, NULL),
	(433, 2, 'Balance', 1, 'NADA', 'VIII. Pasivo no Corriente pdte. ajustes NPGC', 0, '1395', 'PNC83', 0, 0, 0, 'Pasivo no Corriente pdte. ajustes NPGC', 'PASIVO_NO_CORRIENTE', 0, NULL),
	(434, 2, 'Balance', 4, 'NEGRITAGORDA', 'C) PASIVO CORRIENTE', 3, 'PC1', 'PC', 0, 0, 0, 'C) PASIVO CORRIENTE', 'PASIVO_CORRIENTE', 231414.193, NULL),
	(435, 2, 'Balance', 4, 'NADA', 'C) PASIVO CORRIENTE', 3, 'PC2', 'PASIVO  ', 0, 0, 0, 'C) PASIVO CORRIENTE', 'PASIVO_CORRIENTE', 231414.193, NULL),
	(436, 2, 'Balance', 4, 'NADA', 'C) PASIVO CORRIENTE', 3, 'PC3', 'PASIVO  ', 0, 0, 0, 'C) PASIVO CORRIENTE', 'PASIVO_CORRIENTE', 231414.193, NULL),
	(437, 2, 'Balance', 4, 'NADA', 'C) PASIVO CORRIENTE', 3, 'PC4', 'PASIVO  ', 0, 0, 0, 'C) PASIVO CORRIENTE', 'PASIVO_CORRIENTE', 231414.193, NULL),
	(438, 2, 'Balance', 4, 'NADA', 'C) PASIVO CORRIENTE', 3, 'PC5', 'PASIVO  ', 0, 0, 0, 'C) PASIVO CORRIENTE', 'PASIVO_CORRIENTE', 231414.193, NULL),
	(439, 2, 'Balance', 4, 'NADA', 'C) PASIVO CORRIENTE', 3, 'PC6', 'PASIVO  ', 0, 0, 0, 'C) PASIVO CORRIENTE', 'PASIVO_CORRIENTE', 231414.193, NULL),
	(440, 2, 'Balance', 4, 'NADA', 'C) PASIVO CORRIENTE', 3, 'PC7', 'PASIVO  ', 0, 0, 0, 'C) PASIVO CORRIENTE', 'PASIVO_CORRIENTE', 231414.193, NULL),
	(441, 2, 'Balance', 4, 'NADA', 'C) PASIVO CORRIENTE', 3, 'PC8', 'PASIVO  ', 0, 0, 0, 'C) PASIVO CORRIENTE', 'PASIVO_CORRIENTE', 231414.193, NULL),
	(442, 2, 'Balance', 1, 'NEGRITAFINA', 'I. Pasivos vinc. activos no ctes. mant. venta', 0, '585', 'PC1', 0, 0, 0, 'Pasivos vinc. activos no ctes. mant. venta', 'PASIVO_CORRIENTE', 0, NULL),
	(443, 2, 'Balance', 1, 'NADA', 'I. Pasivos vinc. activos no ctes. mant. venta', 0, '586', 'PC1', 0, 0, 0, 'Pasivos vinc. activos no ctes. mant. venta', 'PASIVO_CORRIENTE', 0, NULL),
	(444, 2, 'Balance', 1, 'NADA', 'I. Pasivos vinc. activos no ctes. mant. venta', 0, '587', 'PC1', 0, 0, 0, 'Pasivos vinc. activos no ctes. mant. venta', 'PASIVO_CORRIENTE', 0, NULL),
	(445, 2, 'Balance', 1, 'NADA', 'I. Pasivos vinc. activos no ctes. mant. venta', 0, '588', 'PC1', 0, 0, 0, 'Pasivos vinc. activos no ctes. mant. venta', 'PASIVO_CORRIENTE', 0, NULL),
	(446, 2, 'Balance', 1, 'NADA', 'I. Pasivos vinc. activos no ctes. mant. venta', 0, '589', 'PC1', 0, 0, 0, 'Pasivos vinc. activos no ctes. mant. venta', 'PASIVO_CORRIENTE', 0, NULL),
	(447, 2, 'Balance', 1, 'NEGRITAFINA', 'II. Provisiones a C/P', 0, '499', 'PC2', 0, 0, 0, 'Provisiones a C/P', 'PASIVO_CORRIENTE', 0, NULL),
	(448, 2, 'Balance', 1, 'NADA', 'II. Provisiones a C/P', 0, '529', 'PC2', 0, 0, 0, 'Provisiones a C/P', 'PASIVO_CORRIENTE', 0, NULL),
	(449, 2, 'Balance', 2, 'NEGRITAFINA', 'III. Deudas a C/P', 1, 'PC31', 'PC3', 0, 0, 0, 'Deudas a C/P', 'PASIVO_CORRIENTE', 0, NULL),
	(450, 2, 'Balance', 2, 'NADA', 'III. Deudas a C/P', 1, 'PC32', 'PC3', 0, 0, 0, 'Deudas a C/P', 'PASIVO_CORRIENTE', 0, NULL),
	(451, 2, 'Balance', 2, 'NADA', 'III. Deudas a C/P', 1, 'PC33', 'PC3', 0, 0, 0, 'Deudas a C/P', 'PASIVO_CORRIENTE', 0, NULL),
	(452, 2, 'Balance', 1, 'NORMALNUMERO', '1. Deudas con entidades de crédito', 0, '5105', 'PC31', 0, 0, 0, '1. Deudas con entidades de crédito', 'PASIVO_CORRIENTE', 0, NULL),
	(453, 2, 'Balance', 1, 'NADA', '1. Deudas con entidades de crédito', 0, '520', 'PC31', 0, 0, 0, '1. Deudas con entidades de crédito', 'PASIVO_CORRIENTE', 0, NULL),
	(454, 2, 'Balance', 1, 'NADA', '1. Deudas con entidades de crédito', 0, '527', 'PC31', 0, 0, 0, '1. Deudas con entidades de crédito', 'PASIVO_CORRIENTE', 0, NULL),
	(455, 2, 'Balance', 1, 'NORMALNUMERO', '2. Acreedores por arrendamiento financiero', 0, '5125', 'PC32', 0, 0, 0, '2. Acreedores por arrendamiento financiero', 'PASIVO_CORRIENTE', 0, NULL),
	(456, 2, 'Balance', 1, 'NADA', '2. Acreedores por arrendamiento financiero', 0, '524', 'PC32', 0, 0, 0, '2. Acreedores por arrendamiento financiero', 'PASIVO_CORRIENTE', 0, NULL),
	(457, 2, 'Balance', 1, 'NORMALNUMERO', '3. Otras deudas a C/P', 0, '1034', 'PC33', 0, 0, 0, '3. Otras deudas a C/P', 'PASIVO_CORRIENTE', -500, NULL),
	(458, 2, 'Balance', 1, 'NADA', '3. Otras deudas a C/P', 0, '1044', 'PC33', 0, 0, 0, '3. Otras deudas a C/P', 'PASIVO_CORRIENTE', -500, NULL),
	(459, 2, 'Balance', 1, 'NADA', '3. Otras deudas a C/P', 0, '190', 'PC33', 0, 0, 0, '3. Otras deudas a C/P', 'PASIVO_CORRIENTE', -500, NULL),
	(460, 2, 'Balance', 1, 'NADA', '3. Otras deudas a C/P', 0, '192', 'PC33', 0, 0, 0, '3. Otras deudas a C/P', 'PASIVO_CORRIENTE', -500, NULL),
	(461, 2, 'Balance', 1, 'NADA', '3. Otras deudas a C/P', 0, '194', 'PC33', 0, 0, 0, '3. Otras deudas a C/P', 'PASIVO_CORRIENTE', -500, NULL),
	(462, 2, 'Balance', 1, 'NADA', '3. Otras deudas a C/P', 0, '500', 'PC33', 0, 0, 0, '3. Otras deudas a C/P', 'PASIVO_CORRIENTE', -500, NULL),
	(463, 2, 'Balance', 1, 'NADA', '3. Otras deudas a C/P', 0, '501', 'PC33', 0, 0, 0, '3. Otras deudas a C/P', 'PASIVO_CORRIENTE', -500, NULL),
	(464, 2, 'Balance', 1, 'NADA', '3. Otras deudas a C/P', 0, '505', 'PC33', 0, 0, 0, '3. Otras deudas a C/P', 'PASIVO_CORRIENTE', -500, NULL),
	(465, 2, 'Balance', 1, 'NADA', '3. Otras deudas a C/P', 0, '506', 'PC33', 0, 0, 0, '3. Otras deudas a C/P', 'PASIVO_CORRIENTE', -500, NULL),
	(466, 2, 'Balance', 1, 'NADA', '3. Otras deudas a C/P', 0, '509', 'PC33', 0, 0, 0, '3. Otras deudas a C/P', 'PASIVO_CORRIENTE', -500, NULL),
	(467, 2, 'Balance', 1, 'NADA', '3. Otras deudas a C/P', 0, '5115', 'PC33', 0, 0, 0, '3. Otras deudas a C/P', 'PASIVO_CORRIENTE', -500, NULL),
	(468, 2, 'Balance', 1, 'NADA', '3. Otras deudas a C/P', 0, '5135', 'PC33', 0, 0, 0, '3. Otras deudas a C/P', 'PASIVO_CORRIENTE', -500, NULL),
	(469, 2, 'Balance', 1, 'NADA', '3. Otras deudas a C/P', 0, '5145', 'PC33', 0, 0, 0, '3. Otras deudas a C/P', 'PASIVO_CORRIENTE', -500, NULL),
	(470, 2, 'Balance', 1, 'NADA', '3. Otras deudas a C/P', 0, '521', 'PC33', 0, 0, 0, '3. Otras deudas a C/P', 'PASIVO_CORRIENTE', -500, NULL),
	(471, 2, 'Balance', 1, 'NADA', '3. Otras deudas a C/P', 0, '522', 'PC33', 0, 0, 0, '3. Otras deudas a C/P', 'PASIVO_CORRIENTE', -500, NULL),
	(472, 2, 'Balance', 1, 'NADA', '3. Otras deudas a C/P', 0, '523', 'PC33', 0, 0, 0, '3. Otras deudas a C/P', 'PASIVO_CORRIENTE', -500, NULL),
	(473, 2, 'Balance', 1, 'NADA', '3. Otras deudas a C/P', 0, '525', 'PC33', 0, 0, 0, '3. Otras deudas a C/P', 'PASIVO_CORRIENTE', -500, NULL),
	(474, 2, 'Balance', 1, 'NADA', '3. Otras deudas a C/P', 0, '526', 'PC33', 0, 0, 0, '3. Otras deudas a C/P', 'PASIVO_CORRIENTE', -500, NULL),
	(475, 2, 'Balance', 1, 'NADA', '3. Otras deudas a C/P', 0, '528', 'PC33', 0, 0, 0, '3. Otras deudas a C/P', 'PASIVO_CORRIENTE', -500, NULL),
	(476, 2, 'Balance', 1, 'NADA', '3. Otras deudas a C/P', 0, '550', 'PC33', 0, 0, 0, '3. Otras deudas a C/P', 'PASIVO_CORRIENTE', -500, NULL),
	(477, 2, 'Balance', 1, 'NADA', '3. Otras deudas a C/P', 0, '551', 'PC33', 0, 0, 0, '3. Otras deudas a C/P', 'PASIVO_CORRIENTE', -500, NULL),
	(478, 2, 'Balance', 1, 'NADA', '3. Otras deudas a C/P', 0, '5525', 'PC33', 0, 0, 0, '3. Otras deudas a C/P', 'PASIVO_CORRIENTE', -500, NULL),
	(479, 2, 'Balance', 1, 'NADA', '3. Otras deudas a C/P', 0, '5530', 'PC33', 0, 0, 0, '3. Otras deudas a C/P', 'PASIVO_CORRIENTE', -500, NULL),
	(480, 2, 'Balance', 1, 'NADA', '3. Otras deudas a C/P', 0, '5532', 'PC33', 0, 0, 0, '3. Otras deudas a C/P', 'PASIVO_CORRIENTE', -500, NULL),
	(481, 2, 'Balance', 1, 'NADA', '3. Otras deudas a C/P', 0, '554', 'PC33', 0, 0, 0, '3. Otras deudas a C/P', 'PASIVO_CORRIENTE', -500, NULL),
	(482, 2, 'Balance', 1, 'NADA', '3. Otras deudas a C/P', 0, '555', 'PC33', 0, 0, 0, '3. Otras deudas a C/P', 'PASIVO_CORRIENTE', -500, NULL),
	(483, 2, 'Balance', 1, 'NADA', '3. Otras deudas a C/P', 0, '5565', 'PC33', 0, 0, 0, '3. Otras deudas a C/P', 'PASIVO_CORRIENTE', -500, NULL),
	(484, 2, 'Balance', 1, 'NADA', '3. Otras deudas a C/P', 0, '5566', 'PC33', 0, 0, 0, '3. Otras deudas a C/P', 'PASIVO_CORRIENTE', -500, NULL),
	(485, 2, 'Balance', 1, 'NADA', '3. Otras deudas a C/P', 0, '5595', 'PC33', 0, 0, 0, '3. Otras deudas a C/P', 'PASIVO_CORRIENTE', -500, NULL),
	(486, 2, 'Balance', 1, 'NADA', '3. Otras deudas a C/P', 0, '5598', 'PC33', 0, 0, 0, '3. Otras deudas a C/P', 'PASIVO_CORRIENTE', -500, NULL),
	(487, 2, 'Balance', 1, 'NADA', '3. Otras deudas a C/P', 0, '560', 'PC33', 0, 0, 0, '3. Otras deudas a C/P', 'PASIVO_CORRIENTE', -500, NULL),
	(488, 2, 'Balance', 1, 'NADA', '3. Otras deudas a C/P', 0, '561', 'PC33', 0, 0, 0, '3. Otras deudas a C/P', 'PASIVO_CORRIENTE', -500, NULL),
	(489, 2, 'Balance', 1, 'NADA', '3. Otras deudas a C/P', 0, '569', 'PC33', 0, 0, 0, '3. Otras deudas a C/P', 'PASIVO_CORRIENTE', -500, NULL),
	(490, 2, 'Balance', 1, 'NEGRITAFINA', 'IV. Deudas con emp. grupo y asociadas a C/P', 0, '5103', 'PC4', 0, 0, 0, 'Deudas con emp. grupo y asociadas a C/P', 'PASIVO_CORRIENTE', 0, NULL),
	(491, 2, 'Balance', 1, 'NADA', 'IV. Deudas con emp. grupo y asociadas a C/P', 0, '5104', 'PC4', 0, 0, 0, 'Deudas con emp. grupo y asociadas a C/P', 'PASIVO_CORRIENTE', 0, NULL),
	(492, 2, 'Balance', 1, 'NADA', 'IV. Deudas con emp. grupo y asociadas a C/P', 0, '5113', 'PC4', 0, 0, 0, 'Deudas con emp. grupo y asociadas a C/P', 'PASIVO_CORRIENTE', 0, NULL),
	(493, 2, 'Balance', 1, 'NADA', 'IV. Deudas con emp. grupo y asociadas a C/P', 0, '5114', 'PC4', 0, 0, 0, 'Deudas con emp. grupo y asociadas a C/P', 'PASIVO_CORRIENTE', 0, NULL),
	(494, 2, 'Balance', 1, 'NADA', 'IV. Deudas con emp. grupo y asociadas a C/P', 0, '5123', 'PC4', 0, 0, 0, 'Deudas con emp. grupo y asociadas a C/P', 'PASIVO_CORRIENTE', 0, NULL),
	(495, 2, 'Balance', 1, 'NADA', 'IV. Deudas con emp. grupo y asociadas a C/P', 0, '5124', 'PC4', 0, 0, 0, 'Deudas con emp. grupo y asociadas a C/P', 'PASIVO_CORRIENTE', 0, NULL),
	(496, 2, 'Balance', 1, 'NADA', 'IV. Deudas con emp. grupo y asociadas a C/P', 0, '5133', 'PC4', 0, 0, 0, 'Deudas con emp. grupo y asociadas a C/P', 'PASIVO_CORRIENTE', 0, NULL),
	(497, 2, 'Balance', 1, 'NADA', 'IV. Deudas con emp. grupo y asociadas a C/P', 0, '5134', 'PC4', 0, 0, 0, 'Deudas con emp. grupo y asociadas a C/P', 'PASIVO_CORRIENTE', 0, NULL),
	(498, 2, 'Balance', 1, 'NADA', 'IV. Deudas con emp. grupo y asociadas a C/P', 0, '5143', 'PC4', 0, 0, 0, 'Deudas con emp. grupo y asociadas a C/P', 'PASIVO_CORRIENTE', 0, NULL),
	(499, 2, 'Balance', 1, 'NADA', 'IV. Deudas con emp. grupo y asociadas a C/P', 0, '5144', 'PC4', 0, 0, 0, 'Deudas con emp. grupo y asociadas a C/P', 'PASIVO_CORRIENTE', 0, NULL),
	(500, 2, 'Balance', 1, 'NADA', 'IV. Deudas con emp. grupo y asociadas a C/P', 0, '5523', 'PC4', 0, 0, 0, 'Deudas con emp. grupo y asociadas a C/P', 'PASIVO_CORRIENTE', 0, NULL),
	(501, 2, 'Balance', 1, 'NADA', 'IV. Deudas con emp. grupo y asociadas a C/P', 0, '5524', 'PC4', 0, 0, 0, 'Deudas con emp. grupo y asociadas a C/P', 'PASIVO_CORRIENTE', 0, NULL),
	(502, 2, 'Balance', 1, 'NADA', 'IV. Deudas con emp. grupo y asociadas a C/P', 0, '5563', 'PC4', 0, 0, 0, 'Deudas con emp. grupo y asociadas a C/P', 'PASIVO_CORRIENTE', 0, NULL),
	(503, 2, 'Balance', 1, 'NADA', 'IV. Deudas con emp. grupo y asociadas a C/P', 0, '5564', 'PC4', 0, 0, 0, 'Deudas con emp. grupo y asociadas a C/P', 'PASIVO_CORRIENTE', 0, NULL),
	(504, 2, 'Balance', 3, 'NEGRITAFINA', 'V. Acreedores ciales. y otras ctas. a pagar', 2, 'PC51', 'PC5', 0, 0, 0, ' Acreedores ciales. y otras ctas. a pagar', 'PASIVO_CORRIENTE', 0, NULL),
	(505, 2, 'Balance', 3, 'NADA', 'V. Acreedores ciales. y otras ctas. a pagar', 2, 'PC52', 'PC5', 0, 0, 0, ' Acreedores ciales. y otras ctas. a pagar', 'PASIVO_CORRIENTE', 0, NULL),
	(506, 2, 'Balance', 2, 'NORMALNUMERO', '1. Proveedores', 1, 'PC51a', 'PC51', 0, 0, 0, '1. Proveedores', 'PASIVO_CORRIENTE', 0, NULL),
	(507, 2, 'Balance', 2, 'NADA', '1. Proveedores', 1, 'PC51b', 'PC51', 0, 0, 0, '1. Proveedores', 'PASIVO_CORRIENTE', 0, NULL),
	(508, 2, 'Balance', 1, 'NORMALLETRA', 'a) Proveedores a L/P', 0, '0', 'PC51a', 0, 0, 0, 'Proveedores a L/P', 'PASIVO_CORRIENTE', 0, NULL),
	(509, 2, 'Balance', 1, 'NORMALLETRA', 'b) Proveedores a C/P', 0, '400', 'PC51b', 0, 0, 0, 'Proveedores a C/P', 'PASIVO_CORRIENTE', -2068, NULL),
	(510, 2, 'Balance', 1, 'NADA', 'b) Proveedores a C/P', 0, '401', 'PC51b', 0, 0, 0, 'Proveedores a C/P', 'PASIVO_CORRIENTE', -2068, NULL),
	(511, 2, 'Balance', 1, 'NADA', 'b) Proveedores a C/P', 0, '403', 'PC51b', 0, 0, 0, 'Proveedores a C/P', 'PASIVO_CORRIENTE', -2068, NULL),
	(512, 2, 'Balance', 1, 'NADA', 'b) Proveedores a C/P', 0, '404', 'PC51b', 0, 0, 0, 'Proveedores a C/P', 'PASIVO_CORRIENTE', -2068, NULL),
	(513, 2, 'Balance', 1, 'NADA', 'b) Proveedores a C/P', 0, '405', 'PC51b', 0, 0, 0, 'Proveedores a C/P', 'PASIVO_CORRIENTE', -2068, NULL),
	(514, 2, 'Balance', 1, 'NADA', 'b) Proveedores a C/P', 0, '406', 'PC51b', 0, 0, 0, 'Proveedores a C/P', 'PASIVO_CORRIENTE', -2068, NULL),
	(515, 2, 'Balance', 1, 'NORMALNUMERO', '2. Otros acreedores', 0, '41', 'PC52', 0, 0, 0, '2. Otros acreedores', 'PASIVO_CORRIENTE', -1279.16, NULL),
	(516, 2, 'Balance', 1, 'NADA', '2. Otros acreedores', 0, '438', 'PC52', 0, 0, 0, '2. Otros acreedores', 'PASIVO_CORRIENTE', -1279.16, NULL),
	(517, 2, 'Balance', 1, 'NADA', '2. Otros acreedores', 0, '465', 'PC52', 0, 0, 0, '2. Otros acreedores', 'PASIVO_CORRIENTE', -1279.16, NULL),
	(518, 2, 'Balance', 1, 'NADA', '2. Otros acreedores', 0, '466', 'PC52', 0, 0, 0, '2. Otros acreedores', 'PASIVO_CORRIENTE', -1279.16, NULL),
	(519, 2, 'Balance', 1, 'NADA', '2. Otros acreedores', 0, '475', 'PC52', 0, 0, 0, '2. Otros acreedores', 'PASIVO_CORRIENTE', -1279.16, NULL),
	(520, 2, 'Balance', 1, 'NADA', '2. Otros acreedores', 0, '476', 'PC52', 0, 0, 0, '2. Otros acreedores', 'PASIVO_CORRIENTE', -1279.16, NULL),
	(521, 2, 'Balance', 1, 'NADA', '2. Otros acreedores', 0, '477', 'PC52', 0, 0, 0, '2. Otros acreedores', 'PASIVO_CORRIENTE', -1279.16, NULL),
	(522, 2, 'Balance', 1, 'NEGRITAFINA', 'VI. Periodificaciones a C/P', 0, '485', 'PC6', 0, 0, 0, 'Periodificaciones a C/P', 'PASIVO_CORRIENTE', 0, NULL),
	(523, 2, 'Balance', 1, 'NADA', 'VI. Periodificaciones a C/P', 0, '568', 'PC6', 0, 0, 0, 'Periodificaciones a C/P', 'PASIVO_CORRIENTE', 0, NULL),
	(524, 2, 'Balance', 1, 'NEGRITAFINA', 'VII. Deuda caract. especiales a C/P', 0, '195', 'PC7', 0, 0, 0, 'Deuda caract. especiales a C/P', 'PASIVO_CORRIENTE', 0, NULL),
	(525, 2, 'Balance', 1, 'NADA', 'VII. Deuda caract. especiales a C/P', 0, '197', 'PC7', 0, 0, 0, 'Deuda caract. especiales a C/P', 'PASIVO_CORRIENTE', 0, NULL),
	(526, 2, 'Balance', 1, 'NADA', 'VII. Deuda caract. especiales a C/P', 0, '199', 'PC7', 0, 0, 0, 'Deuda caract. especiales a C/P', 'PASIVO_CORRIENTE', 0, NULL),
	(527, 2, 'Balance', 1, 'NADA', 'VII. Deuda caract. especiales a C/P', 0, '502', 'PC7', 0, 0, 0, 'Deuda caract. especiales a C/P', 'PASIVO_CORRIENTE', 0, NULL),
	(528, 2, 'Balance', 1, 'NADA', 'VII. Deuda caract. especiales a C/P', 0, '507', 'PC7', 0, 0, 0, 'Deuda caract. especiales a C/P', 'PASIVO_CORRIENTE', 0, NULL),
	(529, 2, 'Balance', 1, 'NEGRITAFINA', 'VIII. Pasivo Corriente pendiente ajustes NPGC', 0, '270', 'PC8', 0, 0, 0, 'Pasivo Corriente pendiente ajustes NPGC', 'PASIVO_CORRIENTE', 0, NULL),
	(530, 2, 'Balance', 1, 'NADA', 'VIII. Pasivo Corriente pendiente ajustes NPGC', 0, '271', 'PC8', 0, 0, 0, 'Pasivo Corriente pendiente ajustes NPGC', 'PASIVO_CORRIENTE', 0, NULL),
	(531, 2, 'Balance', 1, 'NADA', 'VIII. Pasivo Corriente pendiente ajustes NPGC', 0, '272', 'PC8', 0, 0, 0, 'Pasivo Corriente pendiente ajustes NPGC', 'PASIVO_CORRIENTE', 0, NULL),
	(532, 2, 'Balance', 1, 'NADA', 'VIII. Pasivo Corriente pendiente ajustes NPGC', 0, '275', 'PC8', 0, 0, 0, 'Pasivo Corriente pendiente ajustes NPGC', 'PASIVO_CORRIENTE', 0, NULL),
	(533, 2, 'Balance', 1, 'NADA', 'VIII. Pasivo Corriente pendiente ajustes NPGC', 0, '276', 'PC8', 0, 0, 0, 'Pasivo Corriente pendiente ajustes NPGC', 'PASIVO_CORRIENTE', 0, NULL),
	(534, 2, 'Balance', 1, 'NADA', 'VIII. Pasivo Corriente pendiente ajustes NPGC', 0, '277', 'PC8', 0, 0, 0, 'Pasivo Corriente pendiente ajustes NPGC', 'PASIVO_CORRIENTE', 0, NULL),
	(535, 2, 'Balance', 1, 'NADA', 'VIII. Pasivo Corriente pendiente ajustes NPGC', 0, '279', 'PC8', 0, 0, 0, 'Pasivo Corriente pendiente ajustes NPGC', 'PASIVO_CORRIENTE', 0, NULL),
	(536, 2, 'Balance', 1, 'NADA', 'VIII. Pasivo Corriente pendiente ajustes NPGC', 0, '289', 'PC8', 0, 0, 0, 'Pasivo Corriente pendiente ajustes NPGC', 'PASIVO_CORRIENTE', 0, NULL),
	(537, 2, 'Balance', 5, 'NEGRITAGORDA', 'TOTAL PATRIMONIO NETO Y PASIVO (A+B+C)', 4, 'PC', 'TOTAL_ABC', 0, 0, 0, 'TOTAL PATRIMONIO NETO Y PASIVO (A+B+C)', 'TOTAL_ABC', 231414.193, NULL),
	(538, 2, 'Balance', 5, 'NADA', 'TOTAL PATRIMONIO NETO Y PASIVO (A+B+C)', 4, 'PN', 'PASIVO  ', 0, 0, 0, 'TOTAL PATRIMONIO NETO Y PASIVO (A+B+C)', 'TOTAL_ABC', 231414.193, NULL),
	(539, 2, 'Balance', 5, 'NADA', 'TOTAL PATRIMONIO NETO Y PASIVO (A+B+C)', 4, 'PNC', 'PASIVO  ', 0, 0, 0, 'TOTAL PATRIMONIO NETO Y PASIVO (A+B+C)', 'TOTAL_ABC', 231414.193, NULL),
	(540, 3, 'Balance_2', 1, 'NADA', 'Manu', 1, '70', 'PC52', 0, 0, 0, NULL, '(NULL)', NULL, NULL);
/*!40000 ALTER TABLE `tbmapastemp` ENABLE KEYS */;

-- Volcando estructura para tabla quc550.tbmiscontactos
DROP TABLE IF EXISTS `tbmiscontactos`;
CREATE TABLE IF NOT EXISTS `tbmiscontactos` (
  `IdContacto` int(11) NOT NULL,
  `IdCliProv` int(11) DEFAULT NULL COMMENT 'si hay dato es cliente (esta en la tabla tbcliprov), sino hay es contacto',
  `idCuenta` int(11) DEFAULT NULL COMMENT 'IdCuenta de la tabla ''tbcuenta''',
  `NombreEmpresa` varchar(150) NOT NULL,
  `CIF` varchar(50) DEFAULT NULL,
  `Direccion` varchar(255) DEFAULT NULL,
  `Ciudad` varchar(50) DEFAULT NULL,
  `CodPostal` varchar(5) DEFAULT NULL,
  `Provincia` varchar(50) DEFAULT NULL,
  `NombreContacto` varchar(30) DEFAULT NULL,
  `ApellidosContacto` varchar(50) DEFAULT NULL,
  `Telefono` varchar(15) DEFAULT NULL,
  `TelefonoMovil` varchar(15) DEFAULT NULL,
  `Correo` varchar(100) DEFAULT NULL,
  `Notas` longtext,
  `FormaPagoHabitual` varchar(50) DEFAULT NULL,
  `Borrado` int(11) DEFAULT '1' COMMENT '1=El dato vale, 0=Esta borrado ',
  `lngIdEmpleadoStatus` int(11) DEFAULT NULL COMMENT 'Id ultimo que cambio datos',
  `datFechaStatus` datetime DEFAULT NULL COMMENT 'Fecha ultima vez que se cambio datos',
  PRIMARY KEY (`IdContacto`)
) ENGINE=InnoDB DEFAULT CHARSET=utf8;

-- Volcando datos para la tabla quc550.tbmiscontactos: ~4 rows (aproximadamente)
DELETE FROM `tbmiscontactos`;
/*!40000 ALTER TABLE `tbmiscontactos` DISABLE KEYS */;
INSERT INTO `tbmiscontactos` (`IdContacto`, `IdCliProv`, `idCuenta`, `NombreEmpresa`, `CIF`, `Direccion`, `Ciudad`, `CodPostal`, `Provincia`, `NombreContacto`, `ApellidosContacto`, `Telefono`, `TelefonoMovil`, `Correo`, `Notas`, `FormaPagoHabitual`, `Borrado`, `lngIdEmpleadoStatus`, `datFechaStatus`) VALUES
	(1, 135, NULL, 'Contacto', '542542', '', '', '', '', 'Contacto', 'Prueba', '', '', 'soporte@qualidad.com', '', '', 1, 202, '2015-10-01 13:43:20'),
	(2, 134, NULL, 'dasda asdasd', 'G38995114', '', '555', '5454', 'asd', 'dasda', 'asdasd', '5445', '', 'a@gmail.com', '', 'Transferencia', 1, 202, '2015-10-01 13:40:24'),
	(3, 0, NULL, 'Cruz roja española', 'dfdsf', '', '', '', '', 'Cruz roja española', '', '', '', '', '', '', 1, 202, '2016-05-19 12:47:38'),
	(4, 136, NULL, 'Amisaday  Rodríguez García', '78613189V', 'C/Uruguay', 'Los Realejos', '38410', 'Santa Cruz de Tenerife', 'Amisaday ', 'Rodríguez García', '', '699377623', 'a.rg03211@gmail.com', '', 'Contado', 1, 202, '2015-10-06 16:36:25');
/*!40000 ALTER TABLE `tbmiscontactos` ENABLE KEYS */;

-- Volcando estructura para tabla quc550.tbmisfacturas
DROP TABLE IF EXISTS `tbmisfacturas`;
CREATE TABLE IF NOT EXISTS `tbmisfacturas` (
  `IdFactura` int(11) NOT NULL AUTO_INCREMENT,
  `NumFactura` varchar(50) NOT NULL,
  `IdPresupuesto` int(11) NOT NULL,
  `IdPedido` int(11) NOT NULL,
  `Cliente` varchar(15) NOT NULL,
  `FechaFactura` datetime NOT NULL,
  `FechaVtoFactura` datetime NOT NULL,
  `FormaPago` varchar(50) DEFAULT NULL,
  `FechaFinalizacion` datetime DEFAULT NULL,
  `Estado` varchar(15) DEFAULT NULL COMMENT 'Emitida,Contabilizada,Anulada',
  `Retencion` double DEFAULT '0',
  `lngIdUsuario` int(11) DEFAULT NULL,
  `Borrado` int(11) DEFAULT '1' COMMENT '1=Activo, 0=Borrado',
  `Situacion` varchar(20) DEFAULT 'En plazo' COMMENT 'En plazo, Vencida, Cobro parcial, Cobrada',
  `asiento` int(11) DEFAULT '0',
  `Referencia` varchar(70) DEFAULT NULL,
  `CC_Trans` varchar(30) DEFAULT NULL,
  `esAbono` varchar(50) DEFAULT NULL,
  PRIMARY KEY (`IdFactura`)
) ENGINE=InnoDB AUTO_INCREMENT=25 DEFAULT CHARSET=utf8;

-- Volcando datos para la tabla quc550.tbmisfacturas: ~24 rows (aproximadamente)
DELETE FROM `tbmisfacturas`;
/*!40000 ALTER TABLE `tbmisfacturas` DISABLE KEYS */;
INSERT INTO `tbmisfacturas` (`IdFactura`, `NumFactura`, `IdPresupuesto`, `IdPedido`, `Cliente`, `FechaFactura`, `FechaVtoFactura`, `FormaPago`, `FechaFinalizacion`, `Estado`, `Retencion`, `lngIdUsuario`, `Borrado`, `Situacion`, `asiento`, `Referencia`, `CC_Trans`, `esAbono`) VALUES
	(1, '20160001', 0, 0, '430000001', '2016-01-30 00:00:00', '2016-02-15 00:00:00', '', NULL, 'Emitida', 0, 202, 0, 'Vencida', 0, NULL, NULL, NULL),
	(2, '20160001', 0, 0, '430000001', '2016-01-30 00:00:00', '2016-02-15 00:00:00', '', NULL, 'Emitida', 0, 202, 0, 'Cobro parcial', 0, NULL, NULL, NULL),
	(3, '20160002', 0, 2, '430000001', '2016-01-30 00:00:00', '2016-02-25 00:00:00', '', NULL, 'Emitida', 0, 202, 1, 'Vencida', 0, NULL, NULL, NULL),
	(4, '20160003', 12, 0, '430000001', '2016-01-30 17:41:03', '2016-02-15 17:41:03', '', NULL, 'Emitida', 0, 202, 1, 'Vencida', 0, NULL, NULL, NULL),
	(5, '20160004', 5, 0, '430000001', '2016-01-30 18:18:21', '2016-02-15 17:41:03', '', NULL, 'Emitida', 0, 202, 1, 'Vencida', 0, NULL, NULL, NULL),
	(6, '20160005', 7, 0, '430000001', '2016-01-30 18:19:18', '2016-02-15 18:19:18', '', NULL, 'Emitida', 0, 202, 0, 'Vencida', 0, NULL, NULL, NULL),
	(7, '20160006', 12, 0, '430000001', '2016-01-30 18:34:54', '2016-02-15 18:34:54', '', NULL, 'Emitida', 0, 202, 0, 'Vencida', 0, NULL, NULL, NULL),
	(8, '20160007', 8, 0, '430000001', '2016-02-01 12:33:29', '2016-03-03 12:33:29', '', NULL, 'Emitida', 0, 202, 1, 'Vencida', 0, NULL, NULL, NULL),
	(9, '20160008', 11, 0, '430002016', '2016-02-01 13:43:55', '2016-02-16 13:43:55', '', NULL, 'Emitida', 0, 202, 0, 'Vencida', 0, NULL, NULL, NULL),
	(10, '20160009', 0, 0, '430002016', '2016-02-01 00:00:00', '2016-02-16 00:00:00', '', NULL, 'Emitida', 0, 202, 0, 'Vencida', 0, NULL, NULL, NULL),
	(11, '20160010', 10, 0, '430002016', '2016-02-01 20:01:01', '2016-02-16 20:01:01', '', NULL, 'Emitida', 0, 202, 0, 'Vencida', 0, NULL, NULL, NULL),
	(12, '20160011', 0, 6, '430000001', '2016-02-06 00:00:00', '2016-03-30 00:00:00', '', NULL, 'Emitida', 0, 202, 0, 'Vencida', 0, NULL, NULL, NULL),
	(13, '20160012', 0, 0, '430070000', '2016-02-06 00:00:00', '2016-03-21 00:00:00', 'Transferencia', NULL, 'Emitida', 0, 202, 1, 'Vencida', 0, NULL, NULL, NULL),
	(14, '20160013', 9, 0, '430000001', '2016-05-19 09:29:48', '2016-06-03 09:29:48', '', NULL, 'Emitida', 0, 202, 0, 'En plazo', 0, NULL, NULL, NULL),
	(15, '20160001', 0, 0, '430000001', '2016-01-30 00:00:00', '2016-02-15 00:00:00', '', NULL, 'Emitida', 0, 202, 1, 'Cobro parcial', 0, '', '', ''),
	(16, '20160005', 7, 0, '430000001', '2016-01-30 00:00:00', '2016-02-15 00:00:00', '', NULL, 'Emitida', 0, 202, 1, 'Vencida', 0, '', '', ''),
	(17, '20160006', 12, 0, '430000001', '2016-01-30 00:00:00', '2016-02-15 00:00:00', '', NULL, 'Emitida', 0, 202, 0, 'Vencida', 0, '', '', ''),
	(18, '20160006', 12, 0, '430000001', '2016-01-30 00:00:00', '2016-02-15 00:00:00', '', NULL, 'Emitida', 0, 202, 1, 'Vencida', 0, '', 'ES0000000000000000', ''),
	(19, '20160008', 11, 0, '430000005', '2016-02-01 00:00:00', '2016-02-16 00:00:00', '', NULL, 'Emitida', 0, 202, 1, 'Vencida', 0, '', '', ''),
	(20, '20160009', 0, 0, '430000003', '2016-02-01 00:00:00', '2016-02-16 00:00:00', '', NULL, 'Emitida', 0, 202, 0, 'Vencida', 0, '', '', ''),
	(21, '20160009', 0, 0, '430000003', '2016-02-01 00:00:00', '2016-02-16 00:00:00', '', NULL, 'Emitida', 0, 202, 1, 'Vencida', 0, '', 'ES0000000000000000', ''),
	(22, '20160010', 10, 0, '430002015', '2016-02-01 00:00:00', '2016-02-16 00:00:00', 'Transferencia', NULL, 'Emitida', 0, 202, 1, 'Vencida', 0, '', '', ''),
	(23, '20160011', 0, 6, '430070000', '2016-02-06 00:00:00', '2016-03-30 00:00:00', 'Contado', NULL, 'Emitida', 0, 202, 1, 'Vencida', 0, '', '', ''),
	(24, '20160013', 9, 0, '430000004', '2016-05-19 00:00:00', '2016-06-03 00:00:00', '', NULL, 'Emitida', 0, 202, 1, 'En plazo', 0, '', '', '');
/*!40000 ALTER TABLE `tbmisfacturas` ENABLE KEYS */;

-- Volcando estructura para tabla quc550.tbmisfacturaslineas
DROP TABLE IF EXISTS `tbmisfacturaslineas`;
CREATE TABLE IF NOT EXISTS `tbmisfacturaslineas` (
  `IdFacturaLineas` int(11) NOT NULL AUTO_INCREMENT,
  `IdFactura` int(11) NOT NULL,
  `NumLineaFactura` int(11) NOT NULL,
  `NumLineaPresup` int(11) NOT NULL DEFAULT '0',
  `IdPresupLineas` int(11) NOT NULL DEFAULT '0',
  `NumLineaPedido` int(11) NOT NULL DEFAULT '0',
  `IdPedidoLineas` int(11) NOT NULL DEFAULT '0',
  `IdArticulo` int(11) DEFAULT NULL,
  `cuentaArticulo` varchar(15) DEFAULT NULL,
  `DescripcionProducto` longtext,
  `TipoIVA` double DEFAULT NULL,
  `CantidadPED` double DEFAULT NULL COMMENT 'Pedido',
  `CantidadFAC` double DEFAULT NULL COMMENT 'Facturado',
  `CantidadPEN` double DEFAULT NULL COMMENT 'Pendiente',
  `ImporteUnidad` double DEFAULT NULL COMMENT 'Importe Unidad',
  `ImportePED` double DEFAULT NULL COMMENT 'Pedido',
  `ImporteFAC` double DEFAULT NULL COMMENT 'Facturado',
  `ImportePEN` double DEFAULT NULL COMMENT 'Pendiente',
  `CuotaIvaPED` double DEFAULT NULL COMMENT 'Pedido',
  `CuotaIvaFAC` double DEFAULT NULL COMMENT 'Facturado',
  `CuotaIvaPEN` double DEFAULT NULL COMMENT 'Pendiente',
  `GenFacPed` varchar(10) DEFAULT 'NO' COMMENT 'SI/NO',
  `Facturada` varchar(10) DEFAULT 'NF' COMMENT 'T=Total, M=Modificada, NF=No Facturada',
  PRIMARY KEY (`IdFacturaLineas`)
) ENGINE=InnoDB AUTO_INCREMENT=45 DEFAULT CHARSET=utf8;

-- Volcando datos para la tabla quc550.tbmisfacturaslineas: ~44 rows (aproximadamente)
DELETE FROM `tbmisfacturaslineas`;
/*!40000 ALTER TABLE `tbmisfacturaslineas` DISABLE KEYS */;
INSERT INTO `tbmisfacturaslineas` (`IdFacturaLineas`, `IdFactura`, `NumLineaFactura`, `NumLineaPresup`, `IdPresupLineas`, `NumLineaPedido`, `IdPedidoLineas`, `IdArticulo`, `cuentaArticulo`, `DescripcionProducto`, `TipoIVA`, `CantidadPED`, `CantidadFAC`, `CantidadPEN`, `ImporteUnidad`, `ImportePED`, `ImporteFAC`, `ImportePEN`, `CuotaIvaPED`, `CuotaIvaFAC`, `CuotaIvaPEN`, `GenFacPed`, `Facturada`) VALUES
	(1, 1, 1, 0, 0, 0, 0, 0, '700000000', 'qqqqq', 21, 3.11, 0, 0, 235.44, 732.22, 0, 0, 153.77, 0, 0, 'NO', 'NF'),
	(2, 1, 2, 0, 0, 0, 0, 1, '700000000', 'R0001 - Articulo Prueba 1', 21, 5, 0, 0, 252.14, 1260.7, 0, 0, 264.75, 0, 0, 'NO', 'NF'),
	(3, 1, 3, 0, 0, 0, 0, 2, '747000000', 'R0002 - Articulo Prueba 2', 10, 4, 0, 0, 100.07, 400.28, 0, 0, 40.03, 0, 0, 'NO', 'NF'),
	(4, 2, 1, 0, 0, 0, 0, 0, '700000000', 'qqqqq', 21, 3.11, 0, 0, 235.44, 732.22, 0, 0, 153.77, 0, 0, 'NO', 'NF'),
	(5, 2, 2, 0, 0, 0, 0, 1, '700000000', 'R0001 - Articulo Prueba 1', 21, 3.89, 0, 0, 252.14, 980.82, 0, 0, 205.97, 0, 0, 'NO', 'NF'),
	(6, 2, 3, 0, 0, 0, 0, 2, '747000000', 'R0002 - Articulo Prueba 2', 10, 4, 0, 0, 100.07, 400.28, 0, 0, 40.03, 0, 0, 'NO', 'NF'),
	(7, 3, 1, 0, 0, 1, 3, 1, '700000000 ', 'R0001 - Articulo Prueba 1', 21, 2, 0, 0, 252.14, 504.28, 0, 0, 105.9, 0, 0, 'NO', 'NF'),
	(8, 3, 2, 0, 0, 2, 4, 2, '747000000 ', 'R0002 - Articulo Prueba 2', 10, 7.77, 0, 0, 100.07, 777.54, 0, 0, 77.75, 0, 0, 'NO', 'NF'),
	(9, 4, 1, 1, 19, 0, 0, 0, '700000000', 'aaaa', 21, 4.55, 0, 0, 525.44, 2390.75, 0, 0, 502.06, 0, 0, 'NO', 'NF'),
	(10, 5, 1, 1, 7, 0, 0, 1, '700000000 ', 'R0001 - Articulo Prueba 1', 21, 2, 0, 0, 252.14, 504.28, 0, 0, 105.9, 0, 0, 'NO', 'NF'),
	(11, 5, 2, 2, 8, 0, 0, 2, '747000000 ', 'R0002 - Articulo Prueba 2', 10, 5.11, 0, 0, 100.07, 511.36, 0, 0, 51.14, 0, 0, 'NO', 'NF'),
	(12, 6, 1, 1, 11, 0, 0, 1, '700000000 ', 'R0001 - Articulo Prueba 1', 21, 5.88, 0, 0, 252.14, 1482.58, 0, 0, 311.34, 0, 0, 'NO', 'NF'),
	(13, 6, 2, 2, 12, 0, 0, 2, '747000000 ', 'R0002 - Articulo Prueba 2', 10, 6.47, 0, 0, 100.07, 647.45, 0, 0, 64.75, 0, 0, 'NO', 'NF'),
	(14, 7, 1, 2, 20, 0, 0, NULL, '700000000', 'R0001 - Articulo Prueba 1', 21, 6, 0, 0, 252.14, 1512.84, 0, 0, 317.7, 0, 0, 'NO', 'NF'),
	(15, 8, 1, 1, 13, 0, 0, 1, '700000000 ', 'R0001 - Articulo Prueba 1', 21, 5.77, 0, 0, 252.14, 1454.85, 0, 0, 305.52, 0, 0, 'NO', 'NF'),
	(16, 8, 2, 2, 14, 0, 0, 2, '747000000 ', 'R0002 - Articulo Prueba 2', 10, 6.44, 0, 0, 100.07, 644.45, 0, 0, 64.44, 0, 0, 'NO', 'NF'),
	(17, 9, 1, 1, 18, 0, 0, 0, '700000000', 'qqqqq', 21, 5.99, 0, 0, 25.44, 152.39, 0, 0, 32, 0, 0, 'NO', 'NF'),
	(18, 10, 1, 0, 0, 0, 0, 2, '747000000', 'R0002 - Articulo Prueba 2', 10, 4.88, 0, 0, 100.07, 488.34, 0, 0, 48.83, 0, 0, 'NO', 'NF'),
	(19, 11, 1, 1, 16, 0, 0, NULL, '700000000', 'Artículo Prueba 3', 21, 6, 0, 0, 12.66, 75.96, 0, 0, 15.95, 0, 0, 'NO', 'NF'),
	(20, 11, 2, 2, 17, 0, 0, 1, '700000000 ', 'R0001 - Articulo Prueba 1', 21, 5.11, 0, 0, 252.14, 1288.44, 0, 0, 270.57, 0, 0, 'NO', 'NF'),
	(21, 12, 1, 0, 0, 1, 12, 1, '700000000 ', 'R0001 - Articulo Prueba 1', 21, 2, 0, 0, 252.14, 504.28, 0, 0, 105.9, 0, 0, 'NO', 'NF'),
	(22, 12, 2, 0, 0, 2, 13, 2, '747000000 ', 'R0002 - Articulo Prueba 2', 10, 7.77, 0, 0, 100.07, 777.54, 0, 0, 77.75, 0, 0, 'NO', 'NF'),
	(23, 12, 3, 0, 0, 3, 14, 0, '700000000', 'aaaaaaa', 21, 2.55, 0, 0, 52.77, 134.56, 0, 0, 28.26, 0, 0, 'NO', 'NF'),
	(24, 13, 1, 0, 0, 0, 0, 3, '700000000', '0001 - Curso de monitor de comedor escolar impartido el 21 de abril ', 0, 1, 0, 0, 60, 60, 0, 0, 0, 0, 0, 'NO', 'NF'),
	(25, 14, 1, 1, 15, 0, 0, 1, '700000000 ', 'R0001 - Articulo Prueba 1', 21, 6.11, 0, 0, 252.14, 1540.58, 0, 0, 323.52, 0, 0, 'NO', 'NF'),
	(26, 15, 1, 0, 0, 0, 0, 0, '700000000', 'C0005 - Ventanas Oscilobatientes', 2100, 3.11, 0, 0, 235.44, 732.22, 0, 0, 153.77, 0, 0, 'NO', 'NF'),
	(27, 15, 2, 0, 0, 0, 0, 1, '700000000', 'R0001 - Articulo Prueba 1', 21, 3.89, 0, 0, 252.14, 980.82, 0, 0, 205.97, 0, 0, 'NO', 'NF'),
	(28, 15, 3, 0, 0, 0, 0, 2, '747000000', 'R0002 - Articulo Prueba 2', 10, 4, 0, 0, 100.07, 400.28, 0, 0, 40.03, 0, 0, 'NO', 'NF'),
	(29, 16, 1, 1, 11, 0, 0, 1, '700000000', 'R0001 - Articulo Prueba 1', 21, 5.88, 0, 0, 252.14, 1482.58, 0, 0, 311.34, 0, 0, 'NO', 'NF'),
	(30, 16, 2, 2, 12, 0, 0, 2, '747000000', 'R0002 - Articulo Prueba 2', 10, 6.47, 0, 0, 100.07, 647.45, 0, 0, 64.75, 0, 0, 'NO', 'NF'),
	(31, 16, 3, 0, 0, 0, 0, 3, '700000000', '0001 - Curso de monitor de comedor escolar impartido el 21 de abril ', 21, 2.55, 0, 0, 60, 153, 0, 0, 32.13, 0, 0, 'NO', 'NF'),
	(32, 17, 1, 2, 20, 0, 0, 0, '700000000', 'R0001 - Articulo Prueba 1', 21, 6, 0, 0, 252.14, 1512.84, 0, 0, 317.7, 0, 0, 'NO', 'NF'),
	(33, 17, 2, 0, 0, 0, 0, 11, '752000000', 'C0008 - Ventanas Pivotantes', 21, 3.11, 0, 0, 635.79, 1977.31, 0, 0, 415.24, 0, 0, 'NO', 'NF'),
	(34, 18, 1, 2, 20, 0, 0, 0, '700000000', 'R0001 - Articulo Prueba 1', 21, 6, 0, 0, 252.14, 1512.84, 0, 0, 317.7, 0, 0, 'NO', 'NF'),
	(35, 18, 2, 0, 0, 0, 0, 7, '778000000', 'C0004 - Ventanas Batientes', 21, 3.12, 0, 0, 365.88, 1141.55, 0, 0, 239.73, 0, 0, 'NO', 'NF'),
	(36, 19, 1, 0, 0, 0, 0, 8, '700000000', 'C0005 - Ventanas Oscilobatientes', 0, 6.44, 0, 0, 506.47, 3261.67, 0, 0, 0, 0, 0, 'NO', 'NF'),
	(37, 20, 1, 0, 0, 0, 0, 2, '747000000', 'R0002 - Articulo Prueba 2', 10, 4.88, 0, 0, 100.07, 488.34, 0, 0, 48.83, 0, 0, 'NO', 'NF'),
	(38, 21, 1, 0, 0, 0, 0, 4, '700000000', 'C0001 - Ventana lacada blanco 90x90', 21, 10.44, 0, 0, 250, 2610, 0, 0, 548.1, 0, 0, 'NO', 'NF'),
	(39, 22, 1, 1, 16, 0, 0, 0, '700000000', 'Artículo Prueba 3', 21, 6, 0, 0, 12.66, 75.96, 0, 0, 15.95, 0, 0, 'NO', 'NF'),
	(40, 22, 2, 2, 17, 0, 0, 1, '700000000', 'R0001 - Articulo Prueba 1', 21, 5.11, 0, 0, 252.14, 1288.44, 0, 0, 270.57, 0, 0, 'NO', 'NF'),
	(41, 23, 1, 0, 0, 1, 12, 1, '700000000', 'R0001 - Articulo Prueba 1', 21, 2, 0, 0, 252.14, 504.28, 0, 0, 105.9, 0, 0, 'NO', 'NF'),
	(42, 23, 2, 0, 0, 2, 13, 2, '747000000', 'R0002 - Articulo Prueba 2', 10, 7.77, 0, 0, 100.07, 777.54, 0, 0, 77.75, 0, 0, 'NO', 'NF'),
	(43, 24, 1, 1, 15, 0, 0, 1, '700000000', 'R0001 - Articulo Prueba 1', 21, 6.11, 0, 0, 252.14, 1540.58, 0, 0, 323.52, 0, 0, 'NO', 'NF'),
	(44, 24, 2, 0, 0, 0, 0, 0, '700000000', 'pantalones de color gris oscuro', 21, 3, 0, 0, 10.88, 32.64, 0, 0, 6.85, 0, 0, 'NO', 'NF');
/*!40000 ALTER TABLE `tbmisfacturaslineas` ENABLE KEYS */;

-- Volcando estructura para tabla quc550.tbmisfacturas_cobros
DROP TABLE IF EXISTS `tbmisfacturas_cobros`;
CREATE TABLE IF NOT EXISTS `tbmisfacturas_cobros` (
  `Id` int(11) NOT NULL AUTO_INCREMENT,
  `IdFactura` int(11) NOT NULL,
  `fecha` datetime NOT NULL,
  `cantidad` double NOT NULL,
  `forma_cobro` varchar(25) NOT NULL,
  PRIMARY KEY (`Id`)
) ENGINE=InnoDB AUTO_INCREMENT=2 DEFAULT CHARSET=utf8;

-- Volcando datos para la tabla quc550.tbmisfacturas_cobros: ~1 rows (aproximadamente)
DELETE FROM `tbmisfacturas_cobros`;
/*!40000 ALTER TABLE `tbmisfacturas_cobros` DISABLE KEYS */;
INSERT INTO `tbmisfacturas_cobros` (`Id`, `IdFactura`, `fecha`, `cantidad`, `forma_cobro`) VALUES
	(1, 2, '2016-01-30 00:00:00', 1500, '572000000');
/*!40000 ALTER TABLE `tbmisfacturas_cobros` ENABLE KEYS */;

-- Volcando estructura para tabla quc550.tbmispedidos
DROP TABLE IF EXISTS `tbmispedidos`;
CREATE TABLE IF NOT EXISTS `tbmispedidos` (
  `IdPedido` int(11) NOT NULL AUTO_INCREMENT,
  `NumPedido` varchar(50) NOT NULL,
  `IdPresupuesto` int(11) NOT NULL,
  `Cliente` varchar(15) NOT NULL,
  `FechaPedido` datetime NOT NULL,
  `FechaVtoPedido` datetime NOT NULL,
  `FormaPago` varchar(50) DEFAULT NULL,
  `FechaFinalizacion` datetime DEFAULT NULL,
  `Estado` varchar(15) DEFAULT NULL COMMENT 'Pendiente, Aceptado, Rechazado, Cancelado',
  `Retencion` double DEFAULT '0',
  `lngIdUsuario` int(11) DEFAULT NULL,
  `Borrado` int(11) DEFAULT '1' COMMENT '1=Activo, 0=Borrado',
  `TipoFactura` varchar(20) DEFAULT 'Periodica' COMMENT 'Periodica, Puntual',
  `DiaPeriodica` int(11) DEFAULT '1',
  `FrecuenciaPeriodica` varchar(20) DEFAULT 'Mensual' COMMENT 'Mensual, Trimestral, Semestral, Anual',
  `FechaProximaFacturaPeriodica` datetime DEFAULT NULL COMMENT 'Si esta null o 0000-00... , es que ya esta(n) generada(s) las facturas y terminado este pedido',
  `CC_Trans` varchar(30) DEFAULT NULL,
  `Referencia` varchar(70) DEFAULT NULL,
  PRIMARY KEY (`IdPedido`)
) ENGINE=InnoDB AUTO_INCREMENT=7 DEFAULT CHARSET=utf8;

-- Volcando datos para la tabla quc550.tbmispedidos: ~6 rows (aproximadamente)
DELETE FROM `tbmispedidos`;
/*!40000 ALTER TABLE `tbmispedidos` DISABLE KEYS */;
INSERT INTO `tbmispedidos` (`IdPedido`, `NumPedido`, `IdPresupuesto`, `Cliente`, `FechaPedido`, `FechaVtoPedido`, `FormaPago`, `FechaFinalizacion`, `Estado`, `Retencion`, `lngIdUsuario`, `Borrado`, `TipoFactura`, `DiaPeriodica`, `FrecuenciaPeriodica`, `FechaProximaFacturaPeriodica`, `CC_Trans`, `Referencia`) VALUES
	(1, '20160001', 2, '430000001', '2016-01-30 00:00:00', '0000-00-00 00:00:00', '', '0000-00-00 00:00:00', 'Aceptado', 0, 202, 0, 'Periodica', 30, 'Mensual', '2016-01-30 00:00:00', '', NULL),
	(2, '20160001', 2, '430000001', '2016-01-30 00:00:00', '0000-00-00 00:00:00', '', '0000-00-00 00:00:00', 'Aceptado', 0, 202, 1, 'Periodica', 30, 'Mensual', '2016-02-28 00:00:00', '', NULL),
	(3, '20160002', 0, '430000001', '2016-01-30 00:00:00', '0000-00-00 00:00:00', '', '0000-00-00 00:00:00', 'Aceptado', 0, 202, 0, 'Periodica', 30, 'Mensual', '2016-01-30 00:00:00', '', NULL),
	(4, '20160002', 0, '430000001', '2016-01-30 00:00:00', '0000-00-00 00:00:00', '', '0000-00-00 00:00:00', 'Aceptado', 0, 202, 0, 'Periodica', 30, 'Mensual', '2016-02-28 00:00:00', '', NULL),
	(5, '20160003', 0, '430000001', '2016-01-30 00:00:00', '0000-00-00 00:00:00', '', '0000-00-00 00:00:00', 'Aceptado', 0, 202, 1, 'Periodica', 30, 'Mensual', '2016-01-30 00:00:00', '', NULL),
	(6, '20160002', 0, '430000001', '2016-01-30 00:00:00', '0000-00-00 00:00:00', '', '0000-00-00 00:00:00', 'Aceptado', 0, 202, 1, 'Periodica', 30, 'Mensual', '2016-02-28 00:00:00', '', '');
/*!40000 ALTER TABLE `tbmispedidos` ENABLE KEYS */;

-- Volcando estructura para tabla quc550.tbmispedidoslineas
DROP TABLE IF EXISTS `tbmispedidoslineas`;
CREATE TABLE IF NOT EXISTS `tbmispedidoslineas` (
  `IdPedidoLineas` int(11) NOT NULL AUTO_INCREMENT,
  `IdPedido` int(11) NOT NULL,
  `NumLineaPedido` int(11) NOT NULL,
  `NumLineaPresup` int(11) NOT NULL,
  `IdPresupLineas` int(11) NOT NULL,
  `IdArticulo` int(11) DEFAULT NULL,
  `DescripcionProducto` longtext,
  `TipoIVA` double DEFAULT NULL,
  `CantidadPED` double DEFAULT NULL COMMENT 'Pedido',
  `CantidadFAC` double DEFAULT NULL COMMENT 'Facturado',
  `CantidadPEN` double DEFAULT NULL COMMENT 'Pendiente',
  `ImporteUnidad` double DEFAULT NULL COMMENT 'Importe Unidad',
  `ImportePED` double DEFAULT NULL COMMENT 'Pedido',
  `ImporteFAC` double DEFAULT NULL COMMENT 'Facturado',
  `ImportePEN` double DEFAULT NULL COMMENT 'Pendiente',
  `CuotaIvaPED` double DEFAULT NULL COMMENT 'Pedido',
  `CuotaIvaFAC` double DEFAULT NULL COMMENT 'Facturado',
  `CuotaIvaPEN` double DEFAULT NULL COMMENT 'Pendiente',
  `GenFacPed` varchar(10) DEFAULT 'NO' COMMENT 'SI/NO',
  `Facturada` varchar(10) DEFAULT 'NF' COMMENT 'T=Total, M=Modificada, NF=No Facturada',
  PRIMARY KEY (`IdPedidoLineas`)
) ENGINE=InnoDB AUTO_INCREMENT=15 DEFAULT CHARSET=utf8;

-- Volcando datos para la tabla quc550.tbmispedidoslineas: ~14 rows (aproximadamente)
DELETE FROM `tbmispedidoslineas`;
/*!40000 ALTER TABLE `tbmispedidoslineas` DISABLE KEYS */;
INSERT INTO `tbmispedidoslineas` (`IdPedidoLineas`, `IdPedido`, `NumLineaPedido`, `NumLineaPresup`, `IdPresupLineas`, `IdArticulo`, `DescripcionProducto`, `TipoIVA`, `CantidadPED`, `CantidadFAC`, `CantidadPEN`, `ImporteUnidad`, `ImportePED`, `ImporteFAC`, `ImportePEN`, `CuotaIvaPED`, `CuotaIvaFAC`, `CuotaIvaPEN`, `GenFacPed`, `Facturada`) VALUES
	(1, 1, 1, 1, 3, 1, 'R0001 - Articulo Prueba 1', 21, 2, 0, 2, 252.14, 504.28, 0, 504.28, 105.9, 0, 105.9, 'NO', 'NF'),
	(2, 1, 2, 2, 4, 2, 'R0002 - Articulo Prueba 2', 10, 5.11, 0, 5.11, 100.07, 511.36, 0, 511.36, 51.14, 0, 51.14, 'NO', 'NF'),
	(3, 2, 1, 1, 3, 1, 'R0001 - Articulo Prueba 1', 21, 2, 2, 0, 252.14, 504.28, 504.28, 0, 105.9, 105.9, 0, 'SI', 'T'),
	(4, 2, 2, 2, 4, 2, 'R0002 - Articulo Prueba 2', 10, 7.77, 7.77, 0, 100.07, 777.54, 777.54, 0, 77.75, 77.75, 0, 'SI', 'T'),
	(5, 3, 1, 0, 0, 1, 'R0001 - Articulo Prueba 1', 21, 2, 0, 2, 252.14, 504.28, 0, 504.28, 105.9, 0, 105.9, 'NO', 'NF'),
	(6, 3, 2, 0, 0, 2, 'R0002 - Articulo Prueba 2', 10, 7.77, 0, 7.77, 100.07, 777.54, 0, 777.54, 77.75, 0, 77.75, 'NO', 'NF'),
	(7, 4, 1, 0, 0, 1, 'R0001 - Articulo Prueba 1', 21, 2, 2, 0, 252.14, 504.28, 504.28, 0, 105.9, 105.9, 0, 'SI', 'T'),
	(8, 4, 2, 0, 0, 2, 'R0002 - Articulo Prueba 2', 10, 7.77, 7.77, 0, 100.07, 777.54, 777.54, 0, 77.75, 77.75, 0, 'SI', 'T'),
	(9, 4, 3, 0, 0, 0, 'aaaaaaa', 21, 2.55, 2.55, 0, 52.77, 134.56, 134.56, 0, 28.26, 28.26, 0, 'SI', 'T'),
	(10, 5, 1, 0, 0, 1, 'R0001 - Articulo Prueba 1', 21, 2, 2, 0, 252.14, 504.28, 504.28, 0, 105.9, 105.9, 0, 'NO', 'NF'),
	(11, 5, 2, 0, 0, 2, 'R0002 - Articulo Prueba 2', 10, 7.77, 7.77, 0, 100.07, 777.54, 777.54, 0, 77.75, 77.75, 0, 'NO', 'NF'),
	(12, 6, 1, 0, 0, 1, 'R0001 - Articulo Prueba 1', 21, 2, 2, 0, 252.14, 504.28, 504.28, 0, 105.9, 105.9, 0, 'SI', 'T'),
	(13, 6, 2, 0, 0, 2, 'R0002 - Articulo Prueba 2', 10, 7.77, 7.77, 0, 100.07, 777.54, 777.54, 0, 77.75, 77.75, 0, 'SI', 'T'),
	(14, 6, 3, 0, 0, 0, 'ventana de madera', 21, 2.55, 2.55, 0, 52.77, 134.56, 134.56, 0, 28.26, 28.26, 0, 'SI', 'T');
/*!40000 ALTER TABLE `tbmispedidoslineas` ENABLE KEYS */;

-- Volcando estructura para tabla quc550.tbmispresupuestos
DROP TABLE IF EXISTS `tbmispresupuestos`;
CREATE TABLE IF NOT EXISTS `tbmispresupuestos` (
  `IdPresupuesto` int(11) NOT NULL AUTO_INCREMENT,
  `NumPresupuesto` varchar(50) NOT NULL,
  `Contacto_Cliente` varchar(15) NOT NULL,
  `FechaPresupuesto` datetime NOT NULL,
  `FechaVtoPresupuesto` datetime NOT NULL,
  `FormaPago` varchar(50) DEFAULT NULL,
  `FechaFinalizacion` datetime DEFAULT NULL,
  `Estado` varchar(15) DEFAULT NULL COMMENT 'Pendiente, Aceptado, Rechazado, Cancelado',
  `Retencion` double DEFAULT '0',
  `lngIdUsuario` int(11) DEFAULT NULL,
  `Proforma` int(11) DEFAULT '0' COMMENT '1=SI, 0=NO',
  `Borrado` int(11) DEFAULT '1' COMMENT '1=Activo, 0=Borrado',
  PRIMARY KEY (`IdPresupuesto`)
) ENGINE=InnoDB AUTO_INCREMENT=13 DEFAULT CHARSET=utf8;

-- Volcando datos para la tabla quc550.tbmispresupuestos: ~12 rows (aproximadamente)
DELETE FROM `tbmispresupuestos`;
/*!40000 ALTER TABLE `tbmispresupuestos` DISABLE KEYS */;
INSERT INTO `tbmispresupuestos` (`IdPresupuesto`, `NumPresupuesto`, `Contacto_Cliente`, `FechaPresupuesto`, `FechaVtoPresupuesto`, `FormaPago`, `FechaFinalizacion`, `Estado`, `Retencion`, `lngIdUsuario`, `Proforma`, `Borrado`) VALUES
	(1, '20160001', 'CL.430000001', '2016-01-30 17:28:55', '2016-02-15 17:28:55', '', NULL, 'Pendiente', 0, 202, 0, 0),
	(2, '20160001', 'CL.430000001', '2016-01-30 17:29:01', '2016-02-15 17:29:01', '', NULL, 'Aceptado', 0, 202, 0, 1),
	(3, '20160002', 'CL.430002016', '2016-01-30 17:29:28', '2015-02-15 17:29:28', '', NULL, 'Pendiente', 0, 202, 0, 0),
	(4, '20160002', 'CL.430002016', '2016-01-30 17:30:44', '2016-02-15 17:30:44', '', NULL, 'Aceptado', 0, 202, 0, 0),
	(5, '20160003', 'CL.430000001', '2016-01-30 17:38:35', '2016-02-15 17:40:32', '', NULL, 'Aceptado', 0, 202, 0, 1),
	(6, '20160004', 'CL.430000001', '2016-01-30 17:40:32', '2016-02-15 17:40:32', '', NULL, 'Aceptado', 0, 202, 0, 0),
	(7, '20160005', 'CL.430000001', '2016-01-30 17:43:21', '2016-02-15 17:43:21', '', NULL, 'Aceptado', 0, 202, 0, 1),
	(8, '20160006', 'CL.430000001', '2016-01-30 18:06:49', '2016-03-02 18:06:49', '', NULL, 'Aceptado', 0, 202, 0, 1),
	(9, '20160007', 'CL.430000001', '2016-01-01 12:31:04', '2016-02-16 12:31:04', '', NULL, 'Aceptado', 0, 202, 0, 1),
	(10, '20160008', 'CL.430002016', '2016-02-01 20:00:19', '2016-03-16 20:00:19', '', NULL, 'Aceptado', 0, 202, 0, 1),
	(11, '20160002', 'CL.430002016', '2016-05-19 14:35:54', '2016-06-04 14:35:54', '', NULL, 'Aceptado', 0, 202, 0, 1),
	(12, '20160004', 'CL.430000001', '2016-05-20 11:29:47', '2016-06-05 11:29:47', '', NULL, 'Aceptado', 0, 202, 0, 1);
/*!40000 ALTER TABLE `tbmispresupuestos` ENABLE KEYS */;

-- Volcando estructura para tabla quc550.tbmispresupuestoslineas
DROP TABLE IF EXISTS `tbmispresupuestoslineas`;
CREATE TABLE IF NOT EXISTS `tbmispresupuestoslineas` (
  `IdPresupLineas` int(11) NOT NULL AUTO_INCREMENT,
  `IdPresupuesto` int(11) NOT NULL,
  `NumLineaPresup` int(11) NOT NULL,
  `IdArticulo` int(11) DEFAULT NULL,
  `DescripcionProducto` longtext,
  `TipoIVA` double DEFAULT NULL,
  `CantidadPED` double DEFAULT NULL COMMENT 'Pedido',
  `CantidadFAC` double DEFAULT NULL COMMENT 'Facturado',
  `CantidadPEN` double DEFAULT NULL COMMENT 'Pendiente',
  `ImporteUnidad` double DEFAULT NULL COMMENT 'Importe Unidad',
  `ImportePED` double DEFAULT NULL COMMENT 'Pedido',
  `ImporteFAC` double DEFAULT NULL COMMENT 'Facturado',
  `ImportePEN` double DEFAULT NULL COMMENT 'Pendiente',
  `CuotaIvaPED` double DEFAULT NULL COMMENT 'Pedido',
  `CuotaIvaFAC` double DEFAULT NULL COMMENT 'Facturado',
  `CuotaIvaPEN` double DEFAULT NULL COMMENT 'Pendiente',
  `GenFacPed` varchar(10) DEFAULT 'NO' COMMENT 'SI, NO, Parcial',
  `Facturada` varchar(10) DEFAULT 'NF' COMMENT 'T=Total, M=Modificada, NF=No Facturada',
  `GenPedPre` varchar(10) DEFAULT 'NO' COMMENT 'SI, NO, Parcial',
  `Pedido` varchar(10) DEFAULT 'NP' COMMENT 'T=Total, M=Modificada, NP=No Pedida',
  PRIMARY KEY (`IdPresupLineas`)
) ENGINE=InnoDB AUTO_INCREMENT=21 DEFAULT CHARSET=utf8;

-- Volcando datos para la tabla quc550.tbmispresupuestoslineas: ~20 rows (aproximadamente)
DELETE FROM `tbmispresupuestoslineas`;
/*!40000 ALTER TABLE `tbmispresupuestoslineas` DISABLE KEYS */;
INSERT INTO `tbmispresupuestoslineas` (`IdPresupLineas`, `IdPresupuesto`, `NumLineaPresup`, `IdArticulo`, `DescripcionProducto`, `TipoIVA`, `CantidadPED`, `CantidadFAC`, `CantidadPEN`, `ImporteUnidad`, `ImportePED`, `ImporteFAC`, `ImportePEN`, `CuotaIvaPED`, `CuotaIvaFAC`, `CuotaIvaPEN`, `GenFacPed`, `Facturada`, `GenPedPre`, `Pedido`) VALUES
	(1, 1, 1, 1, 'R0001 - Articulo Prueba 1', 21, 2, 0, 2, 252.14, 504.28, 0, 504.28, 105.9, 0, 105.9, 'NO', 'NF', 'NO', 'NP'),
	(2, 1, 2, 2, 'R0002 - Articulo Prueba 2', 10, 5.11, 0, 5.11, 100.07, 511.36, 0, 511.36, 51.14, 0, 51.14, 'NO', 'NF', 'NO', 'NP'),
	(3, 2, 1, 1, 'R0001 - Articulo Prueba 1', 21, 2, 2, 0, 252.14, 504.28, 504.28, 0, 105.9, 105.9, 0, 'NO', 'T', 'SI', 'T'),
	(4, 2, 2, 2, 'R0002 - Articulo Prueba 2', 10, 5.11, 7.77, 0, 100.07, 511.36, 777.54, 0, 51.14, 77.75, 0, 'NO', 'T', 'SI', 'T'),
	(5, 3, 1, 0, 'qqqqq', 21, 6.66, 0, 6.66, 25.44, 169.43, 0, 169.43, 35.58, 0, 35.58, 'NO', 'NF', 'NO', 'NP'),
	(6, 4, 1, 0, 'qqqqq', 21, 5.99, 5.99, 0, 25.44, 152.39, 152.39, 0, 32, 32, 0, 'SI', 'T', 'NO', 'NP'),
	(7, 5, 1, 1, 'R0001 - Articulo Prueba 1', 21, 2, 4, 0, 252.14, 504.28, 1008.56, 0, 105.9, 211.8, 0, 'SI', 'T', 'NO', 'NP'),
	(8, 5, 2, 2, 'R0002 - Articulo Prueba 2', 10, 5.11, 12.88, 0, 100.07, 511.36, 1288.9, 0, 51.14, 128.89, 0, 'SI', 'T', 'NO', 'NP'),
	(9, 6, 1, 0, 'aaaa', 21, 4.55, 4.55, 0, 525.44, 2390.75, 2390.75, 0, 502.06, 502.06, 0, 'SI', 'T', 'NO', 'NP'),
	(10, 6, 2, 1, 'R0001 - Articulo Prueba 1', 21, 6, 6, 0, 252.14, 1512.84, 1512.84, 0, 317.7, 317.7, 0, 'SI', 'T', 'NO', 'NP'),
	(11, 7, 1, 1, 'R0001 - Articulo Prueba 1', 21, 5.88, 5.88, 0, 252.14, 1482.58, 1482.58, 0, 311.34, 311.34, 0, 'SI', 'T', 'NO', 'NP'),
	(12, 7, 2, 2, 'R0002 - Articulo Prueba 2', 10, 6.47, 6.47, 0, 100.07, 647.45, 647.45, 0, 64.75, 64.75, 0, 'SI', 'T', 'NO', 'NP'),
	(13, 8, 1, 1, 'R0001 - Articulo Prueba 1', 21, 5.77, 5.77, 0, 252.14, 1454.85, 1454.85, 0, 305.52, 305.52, 0, 'SI', 'T', 'NO', 'NP'),
	(14, 8, 2, 2, 'R0002 - Articulo Prueba 2', 10, 6.44, 6.44, 0, 100.07, 644.45, 644.45, 0, 64.44, 64.44, 0, 'SI', 'T', 'NO', 'NP'),
	(15, 9, 1, 1, 'R0001 - Articulo Prueba 1', 21, 6.11, 6.11, 0, 252.14, 1540.58, 1540.58, 0, 323.52, 323.52, 0, 'SI', 'T', 'NO', 'NP'),
	(16, 10, 1, 0, 'Artículo Prueba 3', 21, 6, 6, 0, 12.66, 75.96, 75.96, 0, 15.95, 15.95, 0, 'SI', 'T', 'NO', 'NP'),
	(17, 10, 2, 1, 'R0001 - Articulo Prueba 1', 21, 5.11, 5.11, 0, 252.14, 1288.44, 1288.44, 0, 270.57, 270.57, 0, 'SI', 'T', 'NO', 'NP'),
	(18, 11, 1, 0, 'Armario empotrado 3.0 x 2.2', 21, 5.99, 0, 5.99, 25.44, 152.39, 0, 152.39, 32, 0, 32, 'NO', 'NF', 'NO', 'NP'),
	(19, 12, 1, 0, 'Artículo numero 3', 21, 4.55, 4.55, 0, 525.44, 2390.75, 2390.75, 0, 502.06, 502.06, 0, 'SI', 'T', 'NO', 'NP'),
	(20, 12, 2, 0, 'R0001 - Articulo Prueba 1', 21, 6, 6, 0, 252.14, 1512.84, 1512.84, 0, 317.7, 317.7, 0, 'SI', 'T', 'NO', 'NP');
/*!40000 ALTER TABLE `tbmispresupuestoslineas` ENABLE KEYS */;

-- Volcando estructura para tabla quc550.tbmovimientos
DROP TABLE IF EXISTS `tbmovimientos`;
CREATE TABLE IF NOT EXISTS `tbmovimientos` (
  `IdMovimiento` int(11) NOT NULL AUTO_INCREMENT,
  `idEmpresa` int(11) DEFAULT '0',
  `asiento` int(11) DEFAULT '0',
  `orden` int(11) DEFAULT '0',
  `idCuenta` varchar(255) DEFAULT NULL,
  `Grupo` varchar(50) DEFAULT NULL,
  `Subgrupo2` varchar(50) DEFAULT NULL,
  `Subgrupo4` varchar(50) DEFAULT NULL,
  `DoH` varchar(50) DEFAULT NULL,
  `cantidad` double DEFAULT '0',
  `Saldo` double DEFAULT '0',
  `fecha` datetime DEFAULT NULL,
  `fechaApunte` datetime DEFAULT NULL,
  `periodo` varchar(255) DEFAULT NULL,
  `ejercicio` int(11) DEFAULT '0',
  `concepto` varchar(255) DEFAULT NULL,
  `TipoAsiento` char(4) NOT NULL COMMENT '0xx=Gasto, 1xx=Ingreso, x0x=Sin Factura, x1x=Con Factura 1 IVA Sin IRPF, x2x=Con Factura 1 IVA Con IRPF, x3x=Con Factura Varios IVAs Sin IRPF, x4x=Con Factura Varios IVAs Con IRPF, xxN=Asiento Normal, xxA=Abono. (Ej 02A=Gasto Con Factura 1 IVA Con IRPF Ab',
  `strUsuario` varchar(255) DEFAULT NULL,
  `activo` int(11) DEFAULT '1',
  `Borrado` int(11) DEFAULT '1' COMMENT '1=El dato vale, 0=Esta borrado ',
  `Exportado` datetime DEFAULT NULL COMMENT 'NULL=sin exportar',
  `Importado` datetime DEFAULT NULL COMMENT 'NULL=sin importar',
  PRIMARY KEY (`IdMovimiento`),
  KEY `asiento` (`asiento`),
  KEY `idCuenta` (`idCuenta`(191)),
  KEY `idEmpresa` (`idEmpresa`),
  KEY `Grupo` (`Grupo`),
  KEY `IdMovimiento` (`IdMovimiento`),
  KEY `Subgrupo2` (`Subgrupo2`),
  KEY `Subgrupo4` (`Subgrupo4`)
) ENGINE=InnoDB DEFAULT CHARSET=utf8;

-- Volcando datos para la tabla quc550.tbmovimientos: ~0 rows (aproximadamente)
DELETE FROM `tbmovimientos`;
/*!40000 ALTER TABLE `tbmovimientos` DISABLE KEYS */;
/*!40000 ALTER TABLE `tbmovimientos` ENABLE KEYS */;

-- Volcando estructura para tabla quc550.tbmovimientostemp
DROP TABLE IF EXISTS `tbmovimientostemp`;
CREATE TABLE IF NOT EXISTS `tbmovimientostemp` (
  `IdMovimiento` int(11) NOT NULL AUTO_INCREMENT,
  `idEmpresa` int(11) DEFAULT '0',
  `asiento` int(11) DEFAULT '0',
  `orden` int(11) DEFAULT '0',
  `idCuenta` varchar(255) DEFAULT NULL,
  `Grupo` varchar(50) DEFAULT NULL,
  `Subgrupo2` varchar(50) DEFAULT NULL,
  `Subgrupo4` varchar(50) DEFAULT NULL,
  `DoH` varchar(50) DEFAULT NULL,
  `cantidad` double DEFAULT '0',
  `Saldo` double DEFAULT '0',
  `fecha` datetime DEFAULT NULL,
  `fechaApunte` datetime DEFAULT NULL,
  `periodo` varchar(255) DEFAULT NULL,
  `ejercicio` int(11) DEFAULT '0',
  `concepto` varchar(255) DEFAULT NULL,
  `strUsuario` varchar(255) DEFAULT NULL,
  `activo` int(11) DEFAULT '1',
  `Borrado` int(11) DEFAULT '1',
  PRIMARY KEY (`IdMovimiento`),
  KEY `asiento` (`asiento`),
  KEY `idCuenta` (`idCuenta`(191)),
  KEY `idEmpresa` (`idEmpresa`),
  KEY `Grupo` (`Grupo`),
  KEY `IdMovimiento` (`IdMovimiento`),
  KEY `Subgrupo2` (`Subgrupo2`),
  KEY `Subgrupo4` (`Subgrupo4`)
) ENGINE=InnoDB DEFAULT CHARSET=utf8;

-- Volcando datos para la tabla quc550.tbmovimientostemp: ~0 rows (aproximadamente)
DELETE FROM `tbmovimientostemp`;
/*!40000 ALTER TABLE `tbmovimientostemp` DISABLE KEYS */;
/*!40000 ALTER TABLE `tbmovimientostemp` ENABLE KEYS */;

-- Volcando estructura para tabla quc550.tbmovimientos_iva
DROP TABLE IF EXISTS `tbmovimientos_iva`;
CREATE TABLE IF NOT EXISTS `tbmovimientos_iva` (
  `Id` int(11) NOT NULL,
  `IdIva` varchar(6) NOT NULL,
  `IdIvaOrden` int(11) NOT NULL,
  `IdAsiento` int(11) NOT NULL,
  `IdCliProv` int(11) DEFAULT NULL,
  `BaseImponible` double NOT NULL DEFAULT '0',
  `Iva` int(11) NOT NULL DEFAULT '0',
  `CuotaIVA` double NOT NULL DEFAULT '0',
  `Borrado` int(11) NOT NULL DEFAULT '0' COMMENT '1=El dato vale, 0=Esta borrado ',
  `datFechaStatus` datetime NOT NULL,
  `lngIdEmpleadoStatus` int(11) NOT NULL,
  `TipoAsiento` char(4) NOT NULL,
  PRIMARY KEY (`Id`)
) ENGINE=InnoDB DEFAULT CHARSET=latin2;

-- Volcando datos para la tabla quc550.tbmovimientos_iva: ~0 rows (aproximadamente)
DELETE FROM `tbmovimientos_iva`;
/*!40000 ALTER TABLE `tbmovimientos_iva` DISABLE KEYS */;
/*!40000 ALTER TABLE `tbmovimientos_iva` ENABLE KEYS */;

-- Volcando estructura para tabla quc550.tbparametros_generales
DROP TABLE IF EXISTS `tbparametros_generales`;
CREATE TABLE IF NOT EXISTS `tbparametros_generales` (
  `IdParam` int(11) NOT NULL AUTO_INCREMENT,
  `nombre` varchar(25) DEFAULT NULL,
  `valor` varchar(400) DEFAULT NULL,
  `ValidoDesde` datetime DEFAULT NULL,
  `ValidoHasta` datetime DEFAULT NULL,
  PRIMARY KEY (`IdParam`)
) ENGINE=InnoDB AUTO_INCREMENT=23 DEFAULT CHARSET=utf8;

-- Volcando datos para la tabla quc550.tbparametros_generales: ~22 rows (aproximadamente)
DELETE FROM `tbparametros_generales`;
/*!40000 ALTER TABLE `tbparametros_generales` DISABLE KEYS */;
INSERT INTO `tbparametros_generales` (`IdParam`, `nombre`, `valor`, `ValidoDesde`, `ValidoHasta`) VALUES
	(1, 'Logo', 'logo-qq.JPG', '2014-01-01 00:00:00', NULL),
	(2, 'Porcentaje Autonomo', '20', '2014-01-01 00:00:00', NULL),
	(3, 'Pagos Cuenta', '23', '2014-01-01 00:00:00', NULL),
	(4, 'Email Envios', 'soporte@qualidad.com', '2014-01-01 00:00:00', NULL),
	(5, 'Logo en Documentos', 'on', '2014-01-01 00:00:00', NULL),
	(6, 'Logo en Aplicacion', 'on', '2014-01-01 00:00:00', NULL),
	(7, 'Tipo Contador', 'compuesto1', '2014-01-01 00:00:00', '2015-09-29 09:40:35'),
	(8, 'Alias', 'Demo', '2014-01-01 00:00:00', NULL),
	(9, 'Factura Tipo', '2', '2015-02-25 09:46:11', '2015-10-06 16:18:17'),
	(10, 'Titulo Presupuesto', 'oferta', '2015-04-09 10:00:52', NULL),
	(11, 'Texto Pie', NULL, '2015-04-09 10:01:29', '2015-09-28 13:42:19'),
	(12, 'Tipo IRPF', '0', '2015-04-09 10:02:15', NULL),
	(13, 'articulo', 'on', '2015-04-09 10:06:00', NULL),
	(14, 'cuentaContable', '700000000', '2015-04-09 10:06:16', NULL),
	(15, 'CCTrans', 'ES0000000000000000', '2015-05-04 11:42:01', NULL),
	(16, 'Texto Pie', 'Información legal incluida en el pie de página de presupuestos y facturas', '2015-09-28 13:42:19', NULL),
	(17, 'codigoEmpresa', '1', '2015-09-28 13:42:19', NULL),
	(18, 'Tipo Contador', 'simple', '2015-09-29 09:40:35', '2015-10-06 16:18:17'),
	(19, 'IvaGenerico', '21', '2015-09-30 11:07:54', NULL),
	(20, 'Tipo Contador', 'compuesto1', '2015-10-06 16:18:17', NULL),
	(21, 'Factura Tipo', '1', '2015-10-06 16:18:17', NULL),
	(22, 'PrefijoFacturaAbono', 'A', '2016-04-01 09:52:13', NULL);
/*!40000 ALTER TABLE `tbparametros_generales` ENABLE KEYS */;

-- Volcando estructura para tabla quc550.tbperiodos_irpf
DROP TABLE IF EXISTS `tbperiodos_irpf`;
CREATE TABLE IF NOT EXISTS `tbperiodos_irpf` (
  `idPeriodo` int(11) NOT NULL AUTO_INCREMENT,
  `ejercicio` int(11) NOT NULL,
  `periodo` int(11) NOT NULL,
  `Activo` int(11) NOT NULL DEFAULT '1' COMMENT '1=Activo, 2=Cierre Parcial, 3=Cierre Definitivo',
  PRIMARY KEY (`idPeriodo`)
) ENGINE=InnoDB AUTO_INCREMENT=2 DEFAULT CHARSET=utf8;

-- Volcando datos para la tabla quc550.tbperiodos_irpf: ~1 rows (aproximadamente)
DELETE FROM `tbperiodos_irpf`;
/*!40000 ALTER TABLE `tbperiodos_irpf` DISABLE KEYS */;
INSERT INTO `tbperiodos_irpf` (`idPeriodo`, `ejercicio`, `periodo`, `Activo`) VALUES
	(1, 2014, 12, 3);
/*!40000 ALTER TABLE `tbperiodos_irpf` ENABLE KEYS */;

-- Volcando estructura para tabla quc550.tbperiodos_iva
DROP TABLE IF EXISTS `tbperiodos_iva`;
CREATE TABLE IF NOT EXISTS `tbperiodos_iva` (
  `idPeriodo` int(11) NOT NULL AUTO_INCREMENT,
  `ejercicio` int(11) NOT NULL,
  `periodo` int(11) NOT NULL,
  `Activo` int(11) NOT NULL DEFAULT '1' COMMENT '1=Activo, 2=Cierre Parcial, 3=Cierre Definitivo',
  PRIMARY KEY (`idPeriodo`)
) ENGINE=InnoDB AUTO_INCREMENT=2 DEFAULT CHARSET=utf8;

-- Volcando datos para la tabla quc550.tbperiodos_iva: ~1 rows (aproximadamente)
DELETE FROM `tbperiodos_iva`;
/*!40000 ALTER TABLE `tbperiodos_iva` DISABLE KEYS */;
INSERT INTO `tbperiodos_iva` (`idPeriodo`, `ejercicio`, `periodo`, `Activo`) VALUES
	(1, 2014, 12, 3);
/*!40000 ALTER TABLE `tbperiodos_iva` ENABLE KEYS */;

-- Volcando estructura para tabla quc550.tbretenciones_irpf
DROP TABLE IF EXISTS `tbretenciones_irpf`;
CREATE TABLE IF NOT EXISTS `tbretenciones_irpf` (
  `Id` int(11) NOT NULL,
  `IdAsiento` int(11) NOT NULL,
  `IdCliProv` int(11) DEFAULT NULL,
  `BaseImponible` double NOT NULL DEFAULT '0',
  `Retencion` int(11) NOT NULL,
  `ImporteRetencion` double NOT NULL DEFAULT '0',
  `Borrado` int(11) NOT NULL DEFAULT '0',
  `datFechaStatus` datetime NOT NULL,
  `lngIdEmpleadoStatus` int(11) NOT NULL,
  `TipoAsiento` char(4) NOT NULL,
  `Clave` char(3) NOT NULL COMMENT 'A=Autonomos  G=Profesionales',
  PRIMARY KEY (`Id`)
) ENGINE=InnoDB DEFAULT CHARSET=utf8;

-- Volcando datos para la tabla quc550.tbretenciones_irpf: ~0 rows (aproximadamente)
DELETE FROM `tbretenciones_irpf`;
/*!40000 ALTER TABLE `tbretenciones_irpf` DISABLE KEYS */;
/*!40000 ALTER TABLE `tbretenciones_irpf` ENABLE KEYS */;

-- Volcando estructura para tabla quc550.tbventas
DROP TABLE IF EXISTS `tbventas`;
CREATE TABLE IF NOT EXISTS `tbventas` (
  `IdVenta` int(11) NOT NULL,
  `Fecha` date NOT NULL,
  `BaseI` double DEFAULT NULL,
  `IVA` double DEFAULT NULL,
  `Ventas` double DEFAULT NULL,
  `Asiento` varchar(10) NOT NULL COMMENT 'P=Pendiente, X=No Hacer, OK=Contabilizado, numero de asiento',
  `Factura` int(11) DEFAULT NULL,
  `Borrado` tinyint(4) NOT NULL DEFAULT '1' COMMENT '1= Valido, 0= Borrado',
  PRIMARY KEY (`IdVenta`)
) ENGINE=InnoDB DEFAULT CHARSET=utf8;

-- Volcando datos para la tabla quc550.tbventas: ~0 rows (aproximadamente)
DELETE FROM `tbventas`;
/*!40000 ALTER TABLE `tbventas` DISABLE KEYS */;
/*!40000 ALTER TABLE `tbventas` ENABLE KEYS */;

-- Volcando estructura para tabla quc550.tbventas_bancos
DROP TABLE IF EXISTS `tbventas_bancos`;
CREATE TABLE IF NOT EXISTS `tbventas_bancos` (
  `IdBanco` int(11) NOT NULL,
  `Fecha` date NOT NULL,
  `Cantidad_distribuir` double DEFAULT NULL,
  `Distribuir` tinyint(4) DEFAULT NULL COMMENT '1=SI, 0=NO',
  `Cantidad` double DEFAULT NULL,
  `Cuenta` int(9) DEFAULT NULL,
  `Asiento` varchar(10) DEFAULT NULL COMMENT 'P=Pendiente, X=No Hacer, OK=Contabilizado, numero de asiento',
  `Borrado` tinyint(4) DEFAULT NULL COMMENT '1= Valido, 0= Borrado',
  PRIMARY KEY (`IdBanco`)
) ENGINE=InnoDB DEFAULT CHARSET=utf8;

-- Volcando datos para la tabla quc550.tbventas_bancos: ~0 rows (aproximadamente)
DELETE FROM `tbventas_bancos`;
/*!40000 ALTER TABLE `tbventas_bancos` DISABLE KEYS */;
/*!40000 ALTER TABLE `tbventas_bancos` ENABLE KEYS */;

-- Volcando estructura para tabla quc550.tbventas_tarjetas
DROP TABLE IF EXISTS `tbventas_tarjetas`;
CREATE TABLE IF NOT EXISTS `tbventas_tarjetas` (
  `IdTarjeta` int(11) NOT NULL,
  `Fecha` date NOT NULL,
  `TipoTarjeta` varchar(20) DEFAULT NULL,
  `Bruto` double DEFAULT NULL,
  `Comision` double DEFAULT NULL,
  `Liquido` double DEFAULT NULL,
  `CuentaTarjeta` int(9) DEFAULT NULL,
  `Asiento` varchar(10) DEFAULT NULL COMMENT 'P=Pendiente, X=No Hacer, OK=Contabilizado, numero de asiento',
  `Borrado` tinyint(4) DEFAULT NULL COMMENT '1= Valido, 0= Borrado',
  PRIMARY KEY (`IdTarjeta`)
) ENGINE=InnoDB DEFAULT CHARSET=utf8;

-- Volcando datos para la tabla quc550.tbventas_tarjetas: ~0 rows (aproximadamente)
DELETE FROM `tbventas_tarjetas`;
/*!40000 ALTER TABLE `tbventas_tarjetas` DISABLE KEYS */;
/*!40000 ALTER TABLE `tbventas_tarjetas` ENABLE KEYS */;

/*!40101 SET SQL_MODE=IFNULL(@OLD_SQL_MODE, '') */;
/*!40014 SET FOREIGN_KEY_CHECKS=IF(@OLD_FOREIGN_KEY_CHECKS IS NULL, 1, @OLD_FOREIGN_KEY_CHECKS) */;
/*!40101 SET CHARACTER_SET_CLIENT=@OLD_CHARACTER_SET_CLIENT */;
